product_id,reason
11ef9fa9e8ed5526b9190acdfb026a8f,Error: Need at least 3 dates to infer frequency
11ef9fa9e86ba8e6b12a0acdfb026a8f,Error: Need at least 3 dates to infer frequency
11ef9fa9e8e35526a0690acdfb026a8f,Error: Need at least 3 dates to infer frequency
11ef9fa9e87f5a4497160acdfb026a8f,Error: Need at least 3 dates to infer frequency
11ef9fa9e8f7ef18b8250acdfb026a8f,"Error: too many indices for array: array is 0-dimensional, but 1 were indexed"
11ef9fa9e84a8396bec60acdfb026a8f,Error: Need at least 3 dates to infer frequency
11ef9fa9e8f777729a080acdfb026a8f,Error: Need at least 3 dates to infer frequency
11ef9fa9e856cd4a9dec0acdfb026a8f,Error: Need at least 3 dates to infer frequency
11efa302d58e63d8a1b602d8a60509dd,"Error: too many indices for array: array is 0-dimensional, but 1 were indexed"
11ef9fa9e8a71b56b97f0acdfb026a8f,Error: Need at least 3 dates to infer frequency
11ef9fa9e8934252aae50acdfb026a8f,Error: Need at least 3 dates to infer frequency
11ef9fa9e86b4e5a8ae80acdfb026a8f,Error: Need at least 3 dates to infer frequency
11ef9fa9e84a31b6b9580acdfb026a8f,Error: Need at least 3 dates to infer frequency
11ef9fa9e8933ad284290acdfb026a8f,Error: Need at least 3 dates to infer frequency
11ef9fa9e8ecff5e983c0acdfb026a8f,Error: Need at least 3 dates to infer frequency
11ef9fa9e87f2ae281940acdfb026a8f,Error: Need at least 3 dates to infer frequency
11ef9fa9e84a94949a4a0acdfb026a8f,Error: Need at least 3 dates to infer frequency
11efa632cd4548a8aa1e02d8a60509dd,Error: Need at least 3 dates to infer frequency
11ef9fa9e889667eb1ed0acdfb026a8f,Error: Need at least 3 dates to infer frequency
11ef9fa9e86b63a4a6040acdfb026a8f,Error: Need at least 3 dates to infer frequency
11ef9fa9e8ff7166a4a80acdfb026a8f,Error: Need at least 3 dates to infer frequency
11ef9fa9e89d6c1e8bec0acdfb026a8f,Error: Need at least 3 dates to infer frequency
11ef9fa9e85703d2a8e80acdfb026a8f,Error: Need at least 3 dates to infer frequency
11efb0235309db4492540ae2611d356d,Error: Need at least 3 dates to infer frequency
11ef9fa9e86144f09c570acdfb026a8f,Error: Need at least 3 dates to infer frequency
11ef9fa9e88932da812c0acdfb026a8f,Error: Need at least 3 dates to infer frequency
11ef9fa9e86b1c00a1590acdfb026a8f,Error: Need at least 3 dates to infer frequency
11ef9fa9e8a7461ca69d0acdfb026a8f,Error: Need at least 3 dates to infer frequency
11ef9fa9e8ecc796b9620acdfb026a8f,Error: Need at least 3 dates to infer frequency
11efb02353ac52c0b4470ae2611d356d,Error: Need at least 3 dates to infer frequency
11ef9fa9e86168ea89630acdfb026a8f,Error: Dataframe has less than 2 non-NaN rows.
11ef9fa9e888c714bce80acdfb026a8f,Error: Need at least 3 dates to infer frequency
11efa2554c608eeaa65706fb1ac4ad25,Error: Need at least 3 dates to infer frequency
11ef9fa9e87533989f450acdfb026a8f,Error: Need at least 3 dates to infer frequency
11ef9fa9e8d932a8a5640acdfb026a8f,"Error: too many indices for array: array is 0-dimensional, but 1 were indexed"
11ef9fec427a9a94b2a702d8a60509dd,Error: Need at least 3 dates to infer frequency
11ef9fa9e84a554297160acdfb026a8f,Error: Need at least 3 dates to infer frequency
11ef9fa9e8ed568ea8500acdfb026a8f,Error: Dataframe has less than 2 non-NaN rows.
11ef9fa9e8ed4dceb6b20acdfb026a8f,Error: Need at least 3 dates to infer frequency
11ef9fec69c5fb98880c06c046b7d17f,Error: Need at least 3 dates to infer frequency
11ef9fec201dfa22ab1a06c046b7d17f,Error: Need at least 3 dates to infer frequency
11ef9fa9e8ed1cfaad930acdfb026a8f,Error: Need at least 3 dates to infer frequency
11ef9fa9e849f95887c60acdfb026a8f,Error: Need at least 3 dates to infer frequency
11efa56987885d60827f060b7545a69d,Error: Need at least 3 dates to infer frequency
11ef9fa9e8756160b9f40acdfb026a8f,Error: Need at least 3 dates to infer frequency
11efa56a5e85179ab220060b7545a69d,Error: Need at least 3 dates to infer frequency
11ef9fa9e8f7de3899390acdfb026a8f,Error: Need at least 3 dates to infer frequency
11ef9fa9e8f7ac9294b70acdfb026a8f,Error: Need at least 3 dates to infer frequency
11ef9fa9e84a81209d990acdfb026a8f,Error: Need at least 3 dates to infer frequency
11ef9fa9e8cf0724ac4f0acdfb026a8f,Error: Need at least 3 dates to infer frequency
11ef9fa9e8f759b8a58a0acdfb026a8f,Error: Need at least 3 dates to infer frequency
11efade8dd250fdeb48006d48b37474b,Error: Need at least 3 dates to infer frequency
11efadeacd5be5b294c406d48b37474b,Error: Need at least 3 dates to infer frequency
11ef9fa9e8b182f89eb30acdfb026a8f,Error: Need at least 3 dates to infer frequency
11ef9fa9e8e2d10089510acdfb026a8f,Error: Need at least 3 dates to infer frequency
11ef9fa9e8c4a28486140acdfb026a8f,Error: Need at least 3 dates to infer frequency
11ef9fa9e8ceb33298110acdfb026a8f,Error: Need at least 3 dates to infer frequency
11ef9fa9e8ce86a0bd4c0acdfb026a8f,Error: Need at least 3 dates to infer frequency
11efae0781608556b56a06d48b37474b,Error: Need at least 3 dates to infer frequency
11ef9fa9e8c513ccab090acdfb026a8f,Error: Need at least 3 dates to infer frequency
11ef9fa9e856a86aac440acdfb026a8f,Error: Need at least 3 dates to infer frequency
11ef9fa9e8e33ca8b8820acdfb026a8f,Error: Need at least 3 dates to infer frequency
11ef9fa9e8c4e460a0130acdfb026a8f,Error: Need at least 3 dates to infer frequency
11ef9fa9e8f7620aabd40acdfb026a8f,Error: Need at least 3 dates to infer frequency
11ef9fa9e8ed48c4a1460acdfb026a8f,Error: Need at least 3 dates to infer frequency
11ef9fa9e8f74da6a2e50acdfb026a8f,Error: Need at least 3 dates to infer frequency
11ef9fa9e8f74aeaa9740acdfb026a8f,Error: Need at least 3 dates to infer frequency
11ef9fa9e8b17e5c837f0acdfb026a8f,Error: Need at least 3 dates to infer frequency
11ef9fa9e84a1564a55d0acdfb026a8f,Error: Need at least 3 dates to infer frequency
11ef9fa9e8ecc62487010acdfb026a8f,Error: Need at least 3 dates to infer frequency
11ef9fa9e8ecc6d8a72b0acdfb026a8f,Error: Need at least 3 dates to infer frequency
11ef9fa9e8614c5c859d0acdfb026a8f,Error: Need at least 3 dates to infer frequency
11ef9fa9e87efbb29ef00acdfb026a8f,Error: Need at least 3 dates to infer frequency
11ef9fdcfed3a204803a06c046b7d17f,Error: Need at least 3 dates to infer frequency
11ef9fa9e89d5bb68e1d0acdfb026a8f,Error: Need at least 3 dates to infer frequency
11ef9fa9e8ecd9d49d810acdfb026a8f,Error: Need at least 3 dates to infer frequency
11ef9fa9e888ff408ece0acdfb026a8f,Error: Need at least 3 dates to infer frequency
11ef9fa9e8614ffe9dfa0acdfb026a8f,"Error: too many indices for array: array is 0-dimensional, but 1 were indexed"
11ef9fa9e8cef8e286540acdfb026a8f,Error: Need at least 3 dates to infer frequency
11ef9fa9e8f76a48905d0acdfb026a8f,Error: Need at least 3 dates to infer frequency
11ef9fa9e856cf16b1cb0acdfb026a8f,Error: Need at least 3 dates to infer frequency
11ef9fa9e8894e6eb1890acdfb026a8f,Error: Need at least 3 dates to infer frequency
11ef9fa9e8f74a868a020acdfb026a8f,Error: Need at least 3 dates to infer frequency
11ef9fa9e8ed78e4a2f90acdfb026a8f,Error: Need at least 3 dates to infer frequency
11ef9fa9e8ff6d56ac1f0acdfb026a8f,Error: Need at least 3 dates to infer frequency
11efb02353ac31aaaa7c0ae2611d356d,Error: Need at least 3 dates to infer frequency
11ef9fa9e8e2cc3294d40acdfb026a8f,Error: Need at least 3 dates to infer frequency
11efb02353bed6d49bdd0ae2611d356d,Error: Need at least 3 dates to infer frequency
11ef9fa9e8ff6af4a9ee0acdfb026a8f,Error: Need at least 3 dates to infer frequency
11ef9fa9e8934cac8a5c0acdfb026a8f,Error: Need at least 3 dates to infer frequency
11ef9fa9e8756c32ad0c0acdfb026a8f,Error: Need at least 3 dates to infer frequency
11ef9fa9e8c4fb58805b0acdfb026a8f,Error: Need at least 3 dates to infer frequency
11ef9fa9e856c2788aaf0acdfb026a8f,Error: Dataframe has less than 2 non-NaN rows.
11ef9fa9e8cf1e94a6ba0acdfb026a8f,Error: Need at least 3 dates to infer frequency
11ef9fa9e8f7e3bab8f40acdfb026a8f,Error: Need at least 3 dates to infer frequency
11ef9fa9e893380c92aa0acdfb026a8f,Error: Need at least 3 dates to infer frequency
11ef9fa9e8cee6c294870acdfb026a8f,Error: Need at least 3 dates to infer frequency
11ef9fa9e8ff7666af270acdfb026a8f,Error: Need at least 3 dates to infer frequency
11ef9fa9e8e30be8bdc80acdfb026a8f,Error: Need at least 3 dates to infer frequency
11ef9fa9e8750c60bf820acdfb026a8f,Error: Need at least 3 dates to infer frequency
11ef9fa9e8f7db72958d0acdfb026a8f,Error: Need at least 3 dates to infer frequency
11ef9fa9e8c52574a9ad0acdfb026a8f,Error: Need at least 3 dates to infer frequency
11ef9fa9e8c526289ced0acdfb026a8f,Error: Dataframe has less than 2 non-NaN rows.
11ef9fa9e8ff6892b0b70acdfb026a8f,"Error: too many indices for array: array is 0-dimensional, but 1 were indexed"
11ef9fa9e8f73ea684fb0acdfb026a8f,Error: Need at least 3 dates to infer frequency
11efb81cc597b78e8be702fdb925ef7b,Error: Need at least 3 dates to infer frequency
11ef9fa9e8b132c69eea0acdfb026a8f,Error: Need at least 3 dates to infer frequency
11ef9fa9e8616f6687e30acdfb026a8f,Error: Need at least 3 dates to infer frequency
11ef9fa9e84a024ab7600acdfb026a8f,Error: Need at least 3 dates to infer frequency
11ef9fa9e87f8f28b41c0acdfb026a8f,Error: Need at least 3 dates to infer frequency
11ef9fa9e8e33438b6a40acdfb026a8f,Error: Need at least 3 dates to infer frequency
11ef9fa9e84a309e924a0acdfb026a8f,Error: Need at least 3 dates to infer frequency
11ef9fa9e8571c78bf590acdfb026a8f,Error: Need at least 3 dates to infer frequency
11ef9fa9e8b0ebc298500acdfb026a8f,Error: Dataframe has less than 2 non-NaN rows.
11ef9fa9e8c491f4b73c0acdfb026a8f,Error: Need at least 3 dates to infer frequency
11ef9fa9e89333e899620acdfb026a8f,Error: Dataframe has less than 2 non-NaN rows.
11ef9fa9e861abe894600acdfb026a8f,Error: Need at least 3 dates to infer frequency
11ef9fa9e8e2c73cb8b10acdfb026a8f,Error: Need at least 3 dates to infer frequency
11ef9fa9e861231294c70acdfb026a8f,Error: Need at least 3 dates to infer frequency
11ef9fa9e861236c98450acdfb026a8f,Error: Need at least 3 dates to infer frequency
11ef9fa9e86191bcae600acdfb026a8f,Error: Need at least 3 dates to infer frequency
11ef9fa9e8e346c69c3b0acdfb026a8f,Error: Need at least 3 dates to infer frequency
11ef9fa9e8c4ca7aad400acdfb026a8f,Error: Need at least 3 dates to infer frequency
11ef9fa9e8e2c48093450acdfb026a8f,Error: Need at least 3 dates to infer frequency
11ef9fa9e8f761b0b6590acdfb026a8f,Error: Need at least 3 dates to infer frequency
11ef9fa9e8932d4ea7630acdfb026a8f,Error: Need at least 3 dates to infer frequency
11ef9fa9e861bb7eb7fd0acdfb026a8f,Error: Need at least 3 dates to infer frequency
11ef9fdcfc729f06b18706c046b7d17f,Error: Need at least 3 dates to infer frequency
11ef9fa9e8890832b2090acdfb026a8f,Error: Need at least 3 dates to infer frequency
11ef9fa9e8ff66ee88f90acdfb026a8f,Error: Need at least 3 dates to infer frequency
11ef9fa9e8ece46a995c0acdfb026a8f,Error: Need at least 3 dates to infer frequency
11ef9fa9e8e2c58eb1ff0acdfb026a8f,Error: Need at least 3 dates to infer frequency
11ef9fa9e8f740f4bc660acdfb026a8f,Error: Need at least 3 dates to infer frequency
11ef9fa9e8a746769d580acdfb026a8f,Error: Need at least 3 dates to infer frequency
11ef9fa9e89cf73eb7db0acdfb026a8f,Error: Need at least 3 dates to infer frequency
11ef9fa9e8e2de2abad60acdfb026a8f,Error: Need at least 3 dates to infer frequency
11ef9fa9e861551cbfcd0acdfb026a8f,Error: Need at least 3 dates to infer frequency
11ef9fa9e8d896f49e790acdfb026a8f,Error: Need at least 3 dates to infer frequency
11ef9fa9e8f78adc8fce0acdfb026a8f,Error: Dataframe has less than 2 non-NaN rows.
11ef9fa9e8c4e76ca70e0acdfb026a8f,Error: Need at least 3 dates to infer frequency
11ef9fa9e8ed4590b18e0acdfb026a8f,Error: Need at least 3 dates to infer frequency
11ef9fa9e89cfe00a68e0acdfb026a8f,Error: Need at least 3 dates to infer frequency
11efae078218898a8a5906d48b37474b,Error: Need at least 3 dates to infer frequency
11ef9fa9e8bb644eb7130acdfb026a8f,Error: Need at least 3 dates to infer frequency
11ef9fa9e8f7d4ba95000acdfb026a8f,Error: Need at least 3 dates to infer frequency
11ef9fa9e8bb7ba0bbae0acdfb026a8f,Error: Need at least 3 dates to infer frequency
11ef9fa9e875673cb02e0acdfb026a8f,Error: Need at least 3 dates to infer frequency
11efb81946cd45d4b3910608b1b9cdd7,Error: Need at least 3 dates to infer frequency
11ef9fa9e8937b78bb5d0acdfb026a8f,Error: Need at least 3 dates to infer frequency
11ef9fa9e8cee91ab6b70acdfb026a8f,Error: Need at least 3 dates to infer frequency
11ef9fa9e8ed1e1295b30acdfb026a8f,Error: Need at least 3 dates to infer frequency
11ef9fa9e8bb7e0c99a70acdfb026a8f,Error: Need at least 3 dates to infer frequency
11ef9fa9e8a72a10bfdb0acdfb026a8f,Error: Need at least 3 dates to infer frequency
11ef9fa9e87f8cf8bce50acdfb026a8f,Error: Need at least 3 dates to infer frequency
11ef9fa9e8e340228cbf0acdfb026a8f,Error: Need at least 3 dates to infer frequency
11ef9fa9e8a7b714bc570acdfb026a8f,Error: Dataframe has less than 2 non-NaN rows.
11ef9fa9e8c489f286180acdfb026a8f,Error: Need at least 3 dates to infer frequency
11ef9fa9e8ed59728b6d0acdfb026a8f,Error: Need at least 3 dates to infer frequency
11ef9fa9e8c4ca20abf90acdfb026a8f,Error: Need at least 3 dates to infer frequency
11ef9fa9e8c4cce6ab8a0acdfb026a8f,Error: Need at least 3 dates to infer frequency
11ef9fa9e87ee7ee80d30acdfb026a8f,Error: Need at least 3 dates to infer frequency
11ef9fa9e8ceee4c8f1a0acdfb026a8f,Error: Need at least 3 dates to infer frequency
11ef9fa9e8cef5ccacbe0acdfb026a8f,Error: Need at least 3 dates to infer frequency
11ef9fa9e87f00b2a9a80acdfb026a8f,Error: Need at least 3 dates to infer frequency
11ef9fa9e86b9a4aaeb00acdfb026a8f,Error: Need at least 3 dates to infer frequency
11ef9fa9e8baf8ec8cda0acdfb026a8f,Error: Need at least 3 dates to infer frequency
11ef9fa9e8a71d7293890acdfb026a8f,Error: Need at least 3 dates to infer frequency
11ef9fa9e875751aac730acdfb026a8f,Error: Need at least 3 dates to infer frequency
11ef9fa9e8b15db495860acdfb026a8f,Error: Need at least 3 dates to infer frequency
11ef9fa9e86affa496d50acdfb026a8f,Error: Need at least 3 dates to infer frequency
11ef9fa9e8c50792bebc0acdfb026a8f,Error: Need at least 3 dates to infer frequency
11ef9fa9e86ba99a9c380acdfb026a8f,Error: Need at least 3 dates to infer frequency
11ef9fa9e8ed0d46b47e0acdfb026a8f,Error: Need at least 3 dates to infer frequency
11ef9fa9e88931d6b7910acdfb026a8f,Error: Need at least 3 dates to infer frequency
11ef9fa9e87f8e0691ed0acdfb026a8f,Error: Need at least 3 dates to infer frequency
11ef9fa9e8936f5caf540acdfb026a8f,Error: Need at least 3 dates to infer frequency
11ef9fa9e8f7693abf820acdfb026a8f,Error: Need at least 3 dates to infer frequency
11ef9fa9e8a764c6a18d0acdfb026a8f,Error: Need at least 3 dates to infer frequency
11ef9fa9e8a7637c85bd0acdfb026a8f,Error: Need at least 3 dates to infer frequency
11ef9fa9e89cfa9a966b0acdfb026a8f,Error: Need at least 3 dates to infer frequency
11ef9fa9e8e2c37cb6520acdfb026a8f,Error: Need at least 3 dates to infer frequency
11ef9fa9e8f7a33c8b8f0acdfb026a8f,Error: Need at least 3 dates to infer frequency
11ef9fa9e8f77d94a8220acdfb026a8f,Error: Need at least 3 dates to infer frequency
11ef9fa9e87f8a649a790acdfb026a8f,Error: Need at least 3 dates to infer frequency
11ef9fa9e8ed55da9b430acdfb026a8f,Error: Need at least 3 dates to infer frequency
11ef9fa9e8f77cea99fd0acdfb026a8f,Error: Dataframe has less than 2 non-NaN rows.
11efc1bb46615a7690d302698f33482f,Error: Need at least 3 dates to infer frequency
11ef9fa9e8e33050aa820acdfb026a8f,Error: Need at least 3 dates to infer frequency
11ef9fa9e8f7437488aa0acdfb026a8f,Error: Need at least 3 dates to infer frequency
11ef9fa9e8e3009e80210acdfb026a8f,Error: Need at least 3 dates to infer frequency
11ef9fa9e888dd449a620acdfb026a8f,Error: Need at least 3 dates to infer frequency
11ef9fa9e875272283e60acdfb026a8f,Error: Need at least 3 dates to infer frequency
11ef9fa9e89d8d0c9a2e0acdfb026a8f,Error: Need at least 3 dates to infer frequency
11ef9fa9e84a06f0a0570acdfb026a8f,Error: Need at least 3 dates to infer frequency
11ef9fa9e89d60c0a18c0acdfb026a8f,Error: Need at least 3 dates to infer frequency
11ef9fa9e8ecfa7c8ee20acdfb026a8f,Error: Need at least 3 dates to infer frequency
11ef9fa9e86b8a6eb70d0acdfb026a8f,Error: Need at least 3 dates to infer frequency
11ef9fa9e8b1536e966e0acdfb026a8f,Error: Need at least 3 dates to infer frequency
11ef9fa9e8cee8cabfa60acdfb026a8f,Error: Need at least 3 dates to infer frequency
11ef9fa9e8a7a5a89dd00acdfb026a8f,Error: Need at least 3 dates to infer frequency
11ef9fa9e8c50c1ab8560acdfb026a8f,Error: Need at least 3 dates to infer frequency
11ef9fa9e8ff5d8e976a0acdfb026a8f,Error: Need at least 3 dates to infer frequency
11ef9fa9e89d97b691ee0acdfb026a8f,Error: Need at least 3 dates to infer frequency
11ef9fa9e8a7065295900acdfb026a8f,Error: Need at least 3 dates to infer frequency
11ef9fa9e87508d2a3ec0acdfb026a8f,Error: Need at least 3 dates to infer frequency
11ef9fa9e89d8fc888bb0acdfb026a8f,Error: Need at least 3 dates to infer frequency
11ef9fa9e86b1c50a3440acdfb026a8f,Error: Need at least 3 dates to infer frequency
11ef9fa9e8a7579281960acdfb026a8f,Error: Need at least 3 dates to infer frequency
11ef9fa9e84a4aacbe200acdfb026a8f,Error: Need at least 3 dates to infer frequency
11ef9fa9e8d93bf49a510acdfb026a8f,Error: Need at least 3 dates to infer frequency
11ef9fa9e89d83de98390acdfb026a8f,Error: Need at least 3 dates to infer frequency
11ef9fa9e8e341e4b5d50acdfb026a8f,Error: Need at least 3 dates to infer frequency
11ef9fa9e8f75e868fdb0acdfb026a8f,Error: Need at least 3 dates to infer frequency
11efc73f7d11ed18921202c93a2337ad,Error: Need at least 3 dates to infer frequency
11ef9fa9e8c51ce69ad10acdfb026a8f,"Error: too many indices for array: array is 0-dimensional, but 1 were indexed"
11ef9fa9e8bb584682ff0acdfb026a8f,Error: Need at least 3 dates to infer frequency
11ef9fa9e8cee2a8ba230acdfb026a8f,Error: Dataframe has less than 2 non-NaN rows.
11ef9fa9e87f4acc96530acdfb026a8f,Error: Need at least 3 dates to infer frequency
11ef9fa9e8c49dd48d8c0acdfb026a8f,Error: Need at least 3 dates to infer frequency
11ef9fa9e8ceb760baf50acdfb026a8f,Error: Need at least 3 dates to infer frequency
11ef9fa9e8756aa2bbc70acdfb026a8f,Error: Need at least 3 dates to infer frequency
11efb02353b620489c500ae2611d356d,Error: Need at least 3 dates to infer frequency
11ef9fa9e8e307ce8d4e0acdfb026a8f,Error: Dataframe has less than 2 non-NaN rows.
11ef9fa9e8bb4c0c87f30acdfb026a8f,Error: Need at least 3 dates to infer frequency
11ef9fa9e8a794dcbc770acdfb026a8f,Error: Need at least 3 dates to infer frequency
11ef9fa9e8613d3ea9350acdfb026a8f,Error: Need at least 3 dates to infer frequency
11ef9fa9e8f7cb00ae820acdfb026a8f,Error: Need at least 3 dates to infer frequency
11ef9fa9e8e322d6b5cf0acdfb026a8f,Error: Need at least 3 dates to infer frequency
11ef9fa9e8a7842eb8d90acdfb026a8f,Error: Need at least 3 dates to infer frequency
11ef9fa9e8e330008d940acdfb026a8f,Error: Need at least 3 dates to infer frequency
11ef9fa9e87536869f8a0acdfb026a8f,Error: Need at least 3 dates to infer frequency
11ef9fa9e874de8ea1120acdfb026a8f,Error: Need at least 3 dates to infer frequency
11ef9fa9e892f568be2b0acdfb026a8f,Error: Need at least 3 dates to infer frequency
11efa09988fe9cce8fc102d8a60509dd,Error: Need at least 3 dates to infer frequency
11ef9fa9e89d2bfab0580acdfb026a8f,Error: Need at least 3 dates to infer frequency
11ef9fa9e87f5292b59c0acdfb026a8f,Error: Need at least 3 dates to infer frequency
11ef9fa9e86134b08ea00acdfb026a8f,Error: Need at least 3 dates to infer frequency
11efb02353b62fd4bad80ae2611d356d,Error: Need at least 3 dates to infer frequency
11ef9fa9e8e34aeaacc20acdfb026a8f,Error: Need at least 3 dates to infer frequency
11ef9fa9e8f7c1f09cd30acdfb026a8f,Error: Need at least 3 dates to infer frequency
11ef9fa9e89350d090ce0acdfb026a8f,Error: Need at least 3 dates to infer frequency
11ef9fa9e8ed2bd2a6150acdfb026a8f,Error: Need at least 3 dates to infer frequency
11efcfc2fced9ab0a55b029895c4ce39,Error: Need at least 3 dates to infer frequency
11efcff083e3fb2c8e60029895c4ce39,Error: Need at least 3 dates to infer frequency
11efae10e29b692ca4ee02d8a60509dd,Error: Need at least 3 dates to infer frequency
11efc98ea95b32169f8a02c93a2337ad,Error: Need at least 3 dates to infer frequency
11efae0a6a96ed3a825202d8a60509dd,Error: Need at least 3 dates to infer frequency
11efc98f83b11deabac206f9d6cffd95,Error: Need at least 3 dates to infer frequency
11efc982901b0d32a95906f9d6cffd95,Error: Need at least 3 dates to infer frequency
11efc98dc6a6da7e9361063ecfd41111,Error: Need at least 3 dates to infer frequency
11efc98de0aa3dda993606f9d6cffd95,Error: Need at least 3 dates to infer frequency
11efc98e0699f1de985802c93a2337ad,Error: Need at least 3 dates to infer frequency
11efc98e9261834eb7e6063ecfd41111,Error: Need at least 3 dates to infer frequency
11efcbd08e83778489a302c93a2337ad,Error: Need at least 3 dates to infer frequency
11efc98fcca0ad2cb3ce02c93a2337ad,Error: Need at least 3 dates to infer frequency
11efc9901d5d95c2913402c93a2337ad,Error: Need at least 3 dates to infer frequency
11efc99005bc34008b6d063ecfd41111,Error: Need at least 3 dates to infer frequency
11ef9fa9e84a1d52b4550acdfb026a8f,Error: Need at least 3 dates to infer frequency
11ef9fa9e8c4a176b1ff0acdfb026a8f,Error: Need at least 3 dates to infer frequency
11ef9fa9e8ce80568a980acdfb026a8f,Error: Need at least 3 dates to infer frequency
11ef9fa9e8cef0ae9a310acdfb026a8f,Error: Need at least 3 dates to infer frequency
11ef9fa9e8c4967c8e270acdfb026a8f,Error: Need at least 3 dates to infer frequency
11ef9fa9e87f14d0ba320acdfb026a8f,Error: Need at least 3 dates to infer frequency
11efa00077023830834306c046b7d17f,Error: Need at least 3 dates to infer frequency
11ef9fa9e8d93ec4afe00acdfb026a8f,Error: Need at least 3 dates to infer frequency
11ef9fa9e89d73d0a0e90acdfb026a8f,Error: Need at least 3 dates to infer frequency
11ef9fa9e8c4dab0a78a0acdfb026a8f,Error: Need at least 3 dates to infer frequency
11ef9fa9e8f7b386a9da0acdfb026a8f,Error: Need at least 3 dates to infer frequency
11ef9fa9e893576094950acdfb026a8f,Error: Dataframe has less than 2 non-NaN rows.
11ef9fa9e8a73cf886f00acdfb026a8f,Error: Need at least 3 dates to infer frequency
11ef9fa9e8894400a98d0acdfb026a8f,Error: Need at least 3 dates to infer frequency
11ef9fa9e892f34c91170acdfb026a8f,Error: Need at least 3 dates to infer frequency
11ef9fa9e8bb6b24b2640acdfb026a8f,Error: Need at least 3 dates to infer frequency
11ef9fa9e8e32fa6aafe0acdfb026a8f,Error: Need at least 3 dates to infer frequency
11ef9fa9e85720e2a89a0acdfb026a8f,Error: Need at least 3 dates to infer frequency
11ef9fa9e87f4432af630acdfb026a8f,Error: Need at least 3 dates to infer frequency
11ef9fa9e8615c7483970acdfb026a8f,Error: Need at least 3 dates to infer frequency
11ef9fa9e8756980955e0acdfb026a8f,Error: Need at least 3 dates to infer frequency
11efa7167d3cef84a0ef060b7545a69d,Error: Need at least 3 dates to infer frequency
11ef9fa9e8c4dd12b4a90acdfb026a8f,Error: Need at least 3 dates to infer frequency
11ef9fa9e888d2f483e70acdfb026a8f,Error: Need at least 3 dates to infer frequency
11ef9fa9e8d91de0a7960acdfb026a8f,Error: Need at least 3 dates to infer frequency
11ef9fa9e87f2858b3a10acdfb026a8f,Error: Need at least 3 dates to infer frequency
11ef9fa9e89d4c709f2d0acdfb026a8f,Error: Need at least 3 dates to infer frequency
11ef9fa9e89d80788ae70acdfb026a8f,Error: Need at least 3 dates to infer frequency
11ef9fa9e8e302a6a4630acdfb026a8f,Error: Need at least 3 dates to infer frequency
11ef9fa9e87f33acbc5b0acdfb026a8f,"Error: too many indices for array: array is 0-dimensional, but 1 were indexed"
11ef9fa9e8c526d2a6ed0acdfb026a8f,Error: Need at least 3 dates to infer frequency
11efc98d5939debeaa1f02c93a2337ad,Error: Need at least 3 dates to infer frequency
11ef9fa9e856956e81b20acdfb026a8f,Error: Need at least 3 dates to infer frequency
11ef9fa9e8f7cd08b6e80acdfb026a8f,Error: Need at least 3 dates to infer frequency
11ef9fa9e8a73960846a0acdfb026a8f,Error: Need at least 3 dates to infer frequency
11ef9fa9e8a7698ab2260acdfb026a8f,Error: Need at least 3 dates to infer frequency
11ef9fa9e8a7035ab1eb0acdfb026a8f,Error: Need at least 3 dates to infer frequency
11ef9fa9e8f76cb4bad60acdfb026a8f,Error: Need at least 3 dates to infer frequency
11ef9fa9e888c2e6bbf20acdfb026a8f,Error: Need at least 3 dates to infer frequency
11ef9fa9e8ecd4d49cf90acdfb026a8f,Error: Need at least 3 dates to infer frequency
11ef9fa9e874d83aad1f0acdfb026a8f,Error: Need at least 3 dates to infer frequency
11ef9fa9e8e2fb1c9de50acdfb026a8f,Error: Need at least 3 dates to infer frequency
11ef9fa9e89d6cd292450acdfb026a8f,Error: Need at least 3 dates to infer frequency
11ef9fa9e87f4c8e88fb0acdfb026a8f,Error: Need at least 3 dates to infer frequency
11ef9fa9e86b1ba6a25e0acdfb026a8f,Error: Need at least 3 dates to infer frequency
11ef9fa9e8baed8ebf010acdfb026a8f,Error: Need at least 3 dates to infer frequency
11efdafd8bc6ae44a89902861e0dbd43,Error: Need at least 3 dates to infer frequency
11ef9fa9e8ce859cac750acdfb026a8f,Error: Need at least 3 dates to infer frequency
11ef9fa9e89368fea5f40acdfb026a8f,Error: Need at least 3 dates to infer frequency
11ef9fa9e8c4a6c6aa7f0acdfb026a8f,Error: Need at least 3 dates to infer frequency
11ef9fa9e8c4a946bfcc0acdfb026a8f,Error: Need at least 3 dates to infer frequency
11ef9fa9e8bb080ab38d0acdfb026a8f,Error: Need at least 3 dates to infer frequency
11efc680b77c66b48ec102636efe5b8f,Error: Need at least 3 dates to infer frequency
11ef9fa9e8f7df3c8d0f0acdfb026a8f,Error: Need at least 3 dates to infer frequency
11efd9ff4a2d80d8b6e202c7da368e29,Error: Need at least 3 dates to infer frequency
11ef9fa9e8618dca8fa60acdfb026a8f,Error: Need at least 3 dates to infer frequency
11ef9fa9e8f765d492d40acdfb026a8f,Error: Need at least 3 dates to infer frequency
11ef9fa9e89336feab570acdfb026a8f,Error: Need at least 3 dates to infer frequency
11ef9fa9e8f79694ba5c0acdfb026a8f,Error: Need at least 3 dates to infer frequency
11ef9fa9e893121e88600acdfb026a8f,Error: Need at least 3 dates to infer frequency
11efa7dd7ed544fa9b22060b7545a69d,Error: Need at least 3 dates to infer frequency
11ef9fa9e8b130bea33b0acdfb026a8f,Error: Need at least 3 dates to infer frequency
11efd9e6b10f8ca684c606a37326aea3,Error: Need at least 3 dates to infer frequency
11ef9fa9e89d0e6885290acdfb026a8f,Error: Dataframe has less than 2 non-NaN rows.
11efd94cdd570e50b31606b643e9a2f9,Error: Need at least 3 dates to infer frequency
11efd94d8a483dbe80f202c7da368e29,Error: Dataframe has less than 2 non-NaN rows.
11ef9fa9e8f7b8fe8db80acdfb026a8f,Error: Need at least 3 dates to infer frequency
11ef9fa9e8ecfd9c95900acdfb026a8f,Error: Need at least 3 dates to infer frequency
11ef9fa9e8ceaa2ca6ef0acdfb026a8f,Error: Need at least 3 dates to infer frequency
11ef9fa9e8d8e33488b30acdfb026a8f,Error: Need at least 3 dates to infer frequency
11ef9fa9e8ce9b86b4fc0acdfb026a8f,Error: Need at least 3 dates to infer frequency
11ef9fa9e8e31278b0850acdfb026a8f,Error: Need at least 3 dates to infer frequency
11ef9fa9e8f73e24a6ca0acdfb026a8f,Error: Need at least 3 dates to infer frequency
11ef9fa9e89d907286800acdfb026a8f,Error: Need at least 3 dates to infer frequency
11ef9fa9e87511ce8f780acdfb026a8f,Error: Need at least 3 dates to infer frequency
11ef9fa9e8ceeffa94b10acdfb026a8f,Error: Need at least 3 dates to infer frequency
11ef9fa9e8ecf978b51f0acdfb026a8f,Error: Need at least 3 dates to infer frequency
11ef9fa9e8f7a17086d10acdfb026a8f,Error: Need at least 3 dates to infer frequency
11ef9fa9e857047c91040acdfb026a8f,Error: Need at least 3 dates to infer frequency
11ef9fa9e86b9aa495660acdfb026a8f,Error: Need at least 3 dates to infer frequency
11efddd3eb1939f68b8406f74c878013,Error: Need at least 3 dates to infer frequency
11efe4236f6b121abeb002fc11652ce3,Error: Need at least 3 dates to infer frequency
11ef9fa9e8f7dee2b6760acdfb026a8f,Error: Need at least 3 dates to infer frequency
11ef9fa9e8f74fc29e600acdfb026a8f,Error: Need at least 3 dates to infer frequency
11efe285875bf80294c602140e61257f,Error: Need at least 3 dates to infer frequency
11ef9fa9e8933a1e97e50acdfb026a8f,Error: Need at least 3 dates to infer frequency
11ef9fa9e8f77ad8a4900acdfb026a8f,Error: Need at least 3 dates to infer frequency
11efe286710c3160a57102140e61257f,Error: Need at least 3 dates to infer frequency
11ef9fa9e8c50bc092d60acdfb026a8f,Error: Need at least 3 dates to infer frequency
11efd5501739e92c970f029c05a67259,Error: Need at least 3 dates to infer frequency
11ef9fa9e84a8b849a270acdfb026a8f,Error: Need at least 3 dates to infer frequency
11ef9fa9e8eccbeca84c0acdfb026a8f,Error: Need at least 3 dates to infer frequency
11ef9fa9e8f7a4f4b81a0acdfb026a8f,Error: Need at least 3 dates to infer frequency
11efdebf908470729e130679e54f22ff,Error: Need at least 3 dates to infer frequency
11ef9fa9e8a71822a5320acdfb026a8f,Error: Need at least 3 dates to infer frequency
11ef9fa9e85727b890d70acdfb026a8f,Error: Need at least 3 dates to infer frequency
11ef9fa9e87f81ae8a060acdfb026a8f,Error: Need at least 3 dates to infer frequency
11ef9fa9e8f7d73080530acdfb026a8f,Error: Need at least 3 dates to infer frequency
11efef266c205bcabfda06556cc97d9f,Error: Need at least 3 dates to infer frequency
11efef2c8bd9c3ec8240025f9ae2e5ab,Error: Need at least 3 dates to infer frequency
11efea9467fac8a09c39026aeb0f2735,Error: Need at least 3 dates to infer frequency
11ef9fa9e8934dbababe0acdfb026a8f,Error: Need at least 3 dates to infer frequency
11efd9e70ff01fa6893a06a37326aea3,Error: Need at least 3 dates to infer frequency
11ef9fa9e888c656b81c0acdfb026a8f,Error: Need at least 3 dates to infer frequency
11ef9fa9e86b2af697140acdfb026a8f,Error: Need at least 3 dates to infer frequency
11ef9fa9e87f6412a7f40acdfb026a8f,Error: Need at least 3 dates to infer frequency
11ef9fa9e8d9097c81050acdfb026a8f,Error: Need at least 3 dates to infer frequency
11ef9fa9e8f7900e882d0acdfb026a8f,Error: Need at least 3 dates to infer frequency
11efeffd26cfa90e8120025f9ae2e5ab,Error: Need at least 3 dates to infer frequency
11ef9fa9e8ed679684850acdfb026a8f,Error: Need at least 3 dates to infer frequency
11ef9fa9e8ff796887d50acdfb026a8f,Error: Need at least 3 dates to infer frequency
11efdeefe68b7ce2991202861e0dbd43,Error: Need at least 3 dates to infer frequency
11ef9fa9e875151684090acdfb026a8f,Error: Need at least 3 dates to infer frequency
11efef2c3c34555a862506556cc97d9f,Error: Need at least 3 dates to infer frequency
11efef2bdc5dc98681fb06556cc97d9f,Error: Need at least 3 dates to infer frequency
11ef9fa9e8e29ecea9940acdfb026a8f,Error: Need at least 3 dates to infer frequency
11efa63c929cfd90b102060b7545a69d,Error: Need at least 3 dates to infer frequency
11ef9fa9e8e2b33cb9c40acdfb026a8f,Error: Need at least 3 dates to infer frequency
11efea95682d4f36861206db05d84e23,Error: Need at least 3 dates to infer frequency
11ef9fa9e8b17eb69f0d0acdfb026a8f,Error: Need at least 3 dates to infer frequency
11ef9fa9e8c52dd0a06c0acdfb026a8f,Error: Need at least 3 dates to infer frequency
11ef9fa9e893436090280acdfb026a8f,Error: Need at least 3 dates to infer frequency
11ef9fa9e8f7aa6cb6b00acdfb026a8f,Error: Need at least 3 dates to infer frequency
11ef9fa9e8c533b69eba0acdfb026a8f,Error: Need at least 3 dates to infer frequency
11efc40900838b00999b06ef2f116399,Error: Need at least 3 dates to infer frequency
11ef9fa9e8752cf4a0090acdfb026a8f,Error: Need at least 3 dates to infer frequency
11ef9fa9e87f05f8a59a0acdfb026a8f,Error: Need at least 3 dates to infer frequency
11ef9fa9e8f7a2d8a48c0acdfb026a8f,Error: Need at least 3 dates to infer frequency
11ef9fa9e8930bdea49a0acdfb026a8f,Error: Need at least 3 dates to infer frequency
11efea9877c253948fb3026aeb0f2735,Error: Dataframe has less than 2 non-NaN rows.
11ef9fa9e856f306beed0acdfb026a8f,Error: Need at least 3 dates to infer frequency
11ef9fa9e84a69608bf20acdfb026a8f,Error: Dataframe has less than 2 non-NaN rows.
11ef9fa9e8c4dc68a5b10acdfb026a8f,Error: Need at least 3 dates to infer frequency
11ef9fa9e8c52c72a1480acdfb026a8f,Error: Need at least 3 dates to infer frequency
11ef9fa9e889301ebeb90acdfb026a8f,Error: Need at least 3 dates to infer frequency
11ef9fa9e84a3e8694f20acdfb026a8f,Error: Dataframe has less than 2 non-NaN rows.
11ef9fa9e8f7682c8e390acdfb026a8f,Error: Need at least 3 dates to infer frequency
11ef9fa9e8f7559e89580acdfb026a8f,Error: Need at least 3 dates to infer frequency
11ef9fa9e8bb7db2a2900acdfb026a8f,Error: Need at least 3 dates to infer frequency
11ef9fa9e8d9340683a00acdfb026a8f,Error: Need at least 3 dates to infer frequency
11f0111487bebe349508061583701e91,Error: Need at least 3 dates to infer frequency
11ef9fa9e8a71c649c840acdfb026a8f,Error: Need at least 3 dates to infer frequency
11ef9fa9e8cf0a30b0250acdfb026a8f,Error: Need at least 3 dates to infer frequency
11ef9fa9e8f7a5a8bfa40acdfb026a8f,Error: Need at least 3 dates to infer frequency
11ef9fa9e8568bc88d0b0acdfb026a8f,Error: Need at least 3 dates to infer frequency
11ef9fa9e8bb5580994b0acdfb026a8f,Error: Need at least 3 dates to infer frequency
11eff7d7b2aed0c6bbac068a2c8f7c55,Error: Need at least 3 dates to infer frequency
11efb6a2863c9558997706be9cbdc845,Error: Need at least 3 dates to infer frequency
11ef9fa9e8b1321292310acdfb026a8f,Error: Dataframe has less than 2 non-NaN rows.
11f00d290fede69e9f24062d989e2ea3,Error: Need at least 3 dates to infer frequency
11ef9fa9e861bc3cbc920acdfb026a8f,Error: Need at least 3 dates to infer frequency
11ef9fa9e87f70ce81b50acdfb026a8f,Error: Need at least 3 dates to infer frequency
11ef9fa9e8a75e729ffd0acdfb026a8f,Error: Need at least 3 dates to infer frequency
11f00e0b5270e68c8d3c062d989e2ea3,Error: Need at least 3 dates to infer frequency
11ef9fa9e8cec1b0a4f70acdfb026a8f,Error: Need at least 3 dates to infer frequency
11ef9fa9e892e2b2a9990acdfb026a8f,Error: Need at least 3 dates to infer frequency
11ef9fa9e8c4d376a4040acdfb026a8f,Error: Need at least 3 dates to infer frequency
11ef9fa9e89375c4b5940acdfb026a8f,Error: Need at least 3 dates to infer frequency
11f0131d31cee610801606a915781305,Error: Dataframe has less than 2 non-NaN rows.
11ef9fa9e8e3105c9eb80acdfb026a8f,Error: Need at least 3 dates to infer frequency
11f01646108b21548d5902ba08588445,Error: Need at least 3 dates to infer frequency
11ef9fa9e87f25928f390acdfb026a8f,Error: Need at least 3 dates to infer frequency
11ef9fa9e85725b09f440acdfb026a8f,Error: Need at least 3 dates to infer frequency
11ef9fa9e8ed43569e890acdfb026a8f,Error: Need at least 3 dates to infer frequency
11ef9fa9e8a7795ca18c0acdfb026a8f,Error: Need at least 3 dates to infer frequency
11ef9fa9e8a71aa287260acdfb026a8f,Error: Need at least 3 dates to infer frequency
11f01929379e5bf4a58a02533145c001,Error: Dataframe has less than 2 non-NaN rows.
11ef9fa9e8ce82cc980f0acdfb026a8f,Error: Need at least 3 dates to infer frequency
11f00d19fb7e0c9896cc026b29db894d,Error: Need at least 3 dates to infer frequency
11ef9fdc1f610f12b2e70288780c0f59,Error: Need at least 3 dates to infer frequency
11eff538877ff6c4b63b02c626c9b939,Error: Need at least 3 dates to infer frequency
11efea9524a67aee917206798919d283,Error: Need at least 3 dates to infer frequency
11ef9fa9e8c52ed4bfdb0acdfb026a8f,Error: Need at least 3 dates to infer frequency
11f00de746a22aa6868b023b4ecba547,Error: Need at least 3 dates to infer frequency
11f00de79974f68ca24a062d989e2ea3,Error: Need at least 3 dates to infer frequency
11ef9fa9e87f2f06bf170acdfb026a8f,Error: Need at least 3 dates to infer frequency
11ef9fa9e8e2ec8aa05f0acdfb026a8f,Error: Need at least 3 dates to infer frequency
11ef9fa9e89cfe5a88ff0acdfb026a8f,Error: Need at least 3 dates to infer frequency
11f00b81f585189886af02213be2d661,Error: Need at least 3 dates to infer frequency
11f00a1428668928844f02213be2d661,Error: Need at least 3 dates to infer frequency
11ef9fa9e8cf05c6ba4b0acdfb026a8f,Error: Need at least 3 dates to infer frequency
11ef9fa9e84a7d1a9c4c0acdfb026a8f,Error: Need at least 3 dates to infer frequency
11ef9fa9e89d3b5e82d00acdfb026a8f,Error: Need at least 3 dates to infer frequency
11ef9fa9e8f755f8b6310acdfb026a8f,Error: Need at least 3 dates to infer frequency
11ef9fa9e8c49c629f240acdfb026a8f,Error: Need at least 3 dates to infer frequency
11f00d22ddd678fcbbcf062d989e2ea3,Error: Need at least 3 dates to infer frequency
11ef9fa9e84a0a7e93150acdfb026a8f,Error: Need at least 3 dates to infer frequency
11f01b69af4f4978a99d02b4f218278d,Error: Need at least 3 dates to infer frequency
11ef9fa9e89d8c088f860acdfb026a8f,Error: Need at least 3 dates to infer frequency
11ef9fa9e8754464b8620acdfb026a8f,Error: Need at least 3 dates to infer frequency
11ef9fa9e8bb81c28b370acdfb026a8f,Error: Need at least 3 dates to infer frequency
11ef9fa9e8a769eea1cf0acdfb026a8f,Error: Need at least 3 dates to infer frequency
11ef9fa9e87ef0229a490acdfb026a8f,Error: Need at least 3 dates to infer frequency
11eff7e98a89f8ac9121068a2c8f7c55,Error: Need at least 3 dates to infer frequency
11ef9fa9e86b91f885ab0acdfb026a8f,Error: Need at least 3 dates to infer frequency
11efc9a0e915c71abcd306f9d6cffd95,Error: Need at least 3 dates to infer frequency
11ef9fa9e8b183ac9e7c0acdfb026a8f,Error: Need at least 3 dates to infer frequency
11ef9fa9e856ca6684150acdfb026a8f,Error: Need at least 3 dates to infer frequency
11ef9fa9e8c4afa48ee40acdfb026a8f,Error: Need at least 3 dates to infer frequency
11ef9fa9e8f785be87ce0acdfb026a8f,Error: Need at least 3 dates to infer frequency
11ef9fa9e8bb6fb682db0acdfb026a8f,Error: Need at least 3 dates to infer frequency
11eff7d3792b5eccb7aa06f8d6a4c12d,Error: Need at least 3 dates to infer frequency
11ef9fa9e8c5094a91610acdfb026a8f,Error: Need at least 3 dates to infer frequency
11ef9fa9e8e2db6eb4c80acdfb026a8f,Error: Need at least 3 dates to infer frequency
11ef9fa9e8cede8e96910acdfb026a8f,Error: Need at least 3 dates to infer frequency
11ef9fa9e892d8768ee90acdfb026a8f,Error: Need at least 3 dates to infer frequency
11ef9fa9e8ecfa2c925e0acdfb026a8f,Error: Need at least 3 dates to infer frequency
11ef9fa9e8a7837a9d9f0acdfb026a8f,Error: Need at least 3 dates to infer frequency
11ef9fa9e8934ebe9a850acdfb026a8f,Error: Need at least 3 dates to infer frequency
11ef9fa9e8d92ab099370acdfb026a8f,Error: Need at least 3 dates to infer frequency
11efb02353984046964a0ae2611d356d,Error: Need at least 3 dates to infer frequency
11eff9917a627b4e8cf70640ea0d136f,Error: Need at least 3 dates to infer frequency
11ef9fa9e8ed77d68f950acdfb026a8f,Error: Need at least 3 dates to infer frequency
11eff34ccd4dd54cba37026bd470e2bb,Error: Need at least 3 dates to infer frequency
11ef9fa9e89d1c4699d80acdfb026a8f,Error: Need at least 3 dates to infer frequency
11ef9fa9e8d90a309eb10acdfb026a8f,Error: Need at least 3 dates to infer frequency
11ef9fa9e87f6b9ca8780acdfb026a8f,Error: Need at least 3 dates to infer frequency
11ef9fa9e8ed6eeebff70acdfb026a8f,Error: Need at least 3 dates to infer frequency
11efea95d823c1b2912106798919d283,Error: Need at least 3 dates to infer frequency
11ef9fa9e8569064bf280acdfb026a8f,Error: Need at least 3 dates to infer frequency
11ef9fa9e8e2d52ea0720acdfb026a8f,Error: Need at least 3 dates to infer frequency
11efb19b59796ae89edb02d8a60509dd,Error: Need at least 3 dates to infer frequency
11ef9fa9e86b2b509ec20acdfb026a8f,Error: Need at least 3 dates to infer frequency
11efa63b0be0f6d6a76f02d8a60509dd,Error: Need at least 3 dates to infer frequency
11ef9fa9e8f74978b7be0acdfb026a8f,Error: Need at least 3 dates to infer frequency
11ef9fa9e8d894108f3b0acdfb026a8f,Error: Need at least 3 dates to infer frequency
11ef9fa9e8e323e4948c0acdfb026a8f,Error: Need at least 3 dates to infer frequency
11ef9fa9e8932718bda10acdfb026a8f,Error: Need at least 3 dates to infer frequency
11ef9fa9e8ed1322a6f40acdfb026a8f,Error: Need at least 3 dates to infer frequency
11ef9fa9e8571cc89ad30acdfb026a8f,Error: Need at least 3 dates to infer frequency
11ef9fa9e89cfcc09d0b0acdfb026a8f,Error: Need at least 3 dates to infer frequency
11ef9fa9e8753eb096bb0acdfb026a8f,Error: Need at least 3 dates to infer frequency
11ef9fa9e87f73eeb9810acdfb026a8f,Error: Need at least 3 dates to infer frequency
11ef9fa9e8ece69a8dd10acdfb026a8f,Error: Need at least 3 dates to infer frequency
11ef9fa9e888f18a92340acdfb026a8f,"Error: too many indices for array: array is 0-dimensional, but 1 were indexed"
11ef9fa9e8bb58f0818d0acdfb026a8f,Error: Need at least 3 dates to infer frequency
11efe4bc3a1783a2b16c02fc11652ce3,Error: Need at least 3 dates to infer frequency
11ef9fa9e89d4a5e82b30acdfb026a8f,Error: Need at least 3 dates to infer frequency
11ef9fa9e87f30d29b1d0acdfb026a8f,Error: Need at least 3 dates to infer frequency
11ef9fa9e8d9049a9a8f0acdfb026a8f,Error: Need at least 3 dates to infer frequency
11ef9fa9e8a72b3289480acdfb026a8f,Error: Dataframe has less than 2 non-NaN rows.
11ef9fa9e888e94c80500acdfb026a8f,Error: Need at least 3 dates to infer frequency
11efea9782fd9daaa9c006798919d283,Error: Dataframe has less than 2 non-NaN rows.
11ef9fa9e874fd7481a30acdfb026a8f,Error: Need at least 3 dates to infer frequency
11ef9fa9e87ef87ebf2d0acdfb026a8f,Error: Need at least 3 dates to infer frequency
11ef9fa9e89d36cc9f0c0acdfb026a8f,Error: Need at least 3 dates to infer frequency
11ef9fa9e87552c4ad190acdfb026a8f,Error: Need at least 3 dates to infer frequency
11efc448c55e42c8abfc02636efe5b8f,Error: Need at least 3 dates to infer frequency
11ef9fa9e84a29288cbf0acdfb026a8f,Error: Need at least 3 dates to infer frequency
11ef9fa9e8e2fe328abd0acdfb026a8f,Error: Need at least 3 dates to infer frequency
11ef9fa9e8ceb120a1ee0acdfb026a8f,Error: Need at least 3 dates to infer frequency
11ef9fa9e8cf08d2bdb80acdfb026a8f,Error: Need at least 3 dates to infer frequency
11ef9fa9e8e2ff908d710acdfb026a8f,Error: Need at least 3 dates to infer frequency
11ef9fa9e86b3352bbe60acdfb026a8f,Error: Need at least 3 dates to infer frequency
11ef9fa9e893684a8abe0acdfb026a8f,Error: Need at least 3 dates to infer frequency
11ef9fa9e8bb76d2a89d0acdfb026a8f,Error: Need at least 3 dates to infer frequency
11ef9ff52aea1fea82f306c046b7d17f,Error: Need at least 3 dates to infer frequency
11ef9fa9e8f7b1749e840acdfb026a8f,Error: Need at least 3 dates to infer frequency
11ef9fa9e8f797b6875a0acdfb026a8f,Error: Need at least 3 dates to infer frequency
11f00a11c3dc1c18b9bd02213be2d661,Error: Need at least 3 dates to infer frequency
11f00a22b8a8c56aa3c102d399b2ebe1,Error: Need at least 3 dates to infer frequency
11ef9fa9e8e2b846ae070acdfb026a8f,Error: Need at least 3 dates to infer frequency
11ef9fa9e8ceab30b60b0acdfb026a8f,Error: Need at least 3 dates to infer frequency
11ef9fa9e8b18e60bb670acdfb026a8f,Error: Need at least 3 dates to infer frequency
11ef9fa9e888f694bb750acdfb026a8f,Error: Need at least 3 dates to infer frequency
11ef9fa9e8751688b9da0acdfb026a8f,Error: Need at least 3 dates to infer frequency
11ef9fa9e8c50b0c97b30acdfb026a8f,Error: Need at least 3 dates to infer frequency
11ef9fa9e8933f64ab750acdfb026a8f,Error: Need at least 3 dates to infer frequency
11ef9fa9e8bb6188b6280acdfb026a8f,Error: Need at least 3 dates to infer frequency
11f00c6b2aef16d481ad062d989e2ea3,Error: Need at least 3 dates to infer frequency
11f00d1e6fc5c98ea17e026b29db894d,Error: Need at least 3 dates to infer frequency
11f00b6ae174806c8c3d062d989e2ea3,Error: Need at least 3 dates to infer frequency
11ef9fa9e8ed464e82020acdfb026a8f,Error: Need at least 3 dates to infer frequency
11ef9fa9e856edd4bb930acdfb026a8f,Error: Need at least 3 dates to infer frequency
11ef9fa9e8a75580af220acdfb026a8f,Error: Need at least 3 dates to infer frequency
11f00d3bdcc98a58b726062d989e2ea3,Error: Need at least 3 dates to infer frequency
11ef9fa9e8615f58a6110acdfb026a8f,Error: Need at least 3 dates to infer frequency
11ef9fa9e85709feb51b0acdfb026a8f,Error: Need at least 3 dates to infer frequency
11f00a1565bea62e8b0002d399b2ebe1,Error: Need at least 3 dates to infer frequency
11f024d3d12669e6b6480220f33ba86d,Error: Need at least 3 dates to infer frequency
11ef9fa9e8f7d186b2780acdfb026a8f,Error: Need at least 3 dates to infer frequency
11ef9fa9e8616eb28ff60acdfb026a8f,Error: Need at least 3 dates to infer frequency
11ef9fa9e86b148a8bb40acdfb026a8f,Error: Need at least 3 dates to infer frequency
11ef9fa9e8ed503ab4da0acdfb026a8f,Error: Need at least 3 dates to infer frequency
11ef9fa9e8570de687b60acdfb026a8f,Error: Dataframe has less than 2 non-NaN rows.
11ef9fa9e87f65e8a9040acdfb026a8f,Error: Need at least 3 dates to infer frequency
11f01d9448e5bb54aa6b0ae3df54d877,Error: Need at least 3 dates to infer frequency
11ef9fa9e8e3233099650acdfb026a8f,Error: Need at least 3 dates to infer frequency
11f024d3d1293220a9910220f33ba86d,Error: Need at least 3 dates to infer frequency
11ef9fa9e8611ad48fac0acdfb026a8f,Error: Need at least 3 dates to infer frequency
11ef9fa9e84a250eaa160acdfb026a8f,"Error: too many indices for array: array is 0-dimensional, but 1 were indexed"
11efb19b59678df0990f061bcde049eb,Error: Need at least 3 dates to infer frequency
11f00c7b134507409186026b29db894d,Error: Need at least 3 dates to infer frequency
11ef9fa9e856f9b4a9520acdfb026a8f,Error: Need at least 3 dates to infer frequency
11f02b10951dce60b06c02969168a5af,Error: Need at least 3 dates to infer frequency
11ef9fa9e861432ebdeb0acdfb026a8f,Error: Need at least 3 dates to infer frequency
11ef9fa9e8cebef4b7fb0acdfb026a8f,Error: Need at least 3 dates to infer frequency
11ef9fa9e889040eb4d00acdfb026a8f,Error: Need at least 3 dates to infer frequency
11f00de90bab531cbd18026b29db894d,Error: Need at least 3 dates to infer frequency
11ef9fa9e89d6584a8060acdfb026a8f,Error: Need at least 3 dates to infer frequency
11f024d3d041702090b80220f33ba86d,Error: Need at least 3 dates to infer frequency
11f024d3d01a65f2937a0220f33ba86d,Error: Need at least 3 dates to infer frequency
11f02a28c95028389d6d022cf2fe3be7,Error: Need at least 3 dates to infer frequency
11ef9fa9e89315fcb5910acdfb026a8f,Error: Need at least 3 dates to infer frequency
11ef9fa9e88942f2a9a50acdfb026a8f,Error: Need at least 3 dates to infer frequency
11ef9fa9e8c51156a37d0acdfb026a8f,Error: Need at least 3 dates to infer frequency
11f00a12b2daf8e8822402d399b2ebe1,Error: Need at least 3 dates to infer frequency
11f02a2bfe85bc72b8e4022cf2fe3be7,Error: Need at least 3 dates to infer frequency
11f024d3d0317e409df10220f33ba86d,Error: Need at least 3 dates to infer frequency
11ef9fa9e88968a4919c0acdfb026a8f,Error: Need at least 3 dates to infer frequency
11ef9fa9e8cef7d4892f0acdfb026a8f,Error: Need at least 3 dates to infer frequency
11f02bf6d8afab44818f0a19dc243e69,Error: Need at least 3 dates to infer frequency
11f024d3d1280666ac7d0220f33ba86d,Error: Need at least 3 dates to infer frequency
,Error: Need at least 3 dates to infer frequency
11f0295457b1a974a9b00a7ec5b22a75,Error: Need at least 3 dates to infer frequency
11ef9fa9e85700f88dfd0acdfb026a8f,Error: Need at least 3 dates to infer frequency
11f00c6aa8d42374bdbe062d989e2ea3,Error: Need at least 3 dates to infer frequency
11ef9fa9e8ff78148c6d0acdfb026a8f,Error: Need at least 3 dates to infer frequency
11ef9fa9e8d9407ca78a0acdfb026a8f,Error: Need at least 3 dates to infer frequency
11ef9fa9e87f84ecb03d0acdfb026a8f,Error: Need at least 3 dates to infer frequency
11efa32e9005c33499fb060b7545a69d,Error: Need at least 3 dates to infer frequency
11ef9fa9e8cf06cabeae0acdfb026a8f,Error: Need at least 3 dates to infer frequency
11ef9fa9e89351849a910acdfb026a8f,Error: Need at least 3 dates to infer frequency
11ef9fa9e8b0fef0bd7a0acdfb026a8f,Error: Need at least 3 dates to infer frequency
11f00d1f26d2f9088ec706856ea06fcf,Error: Need at least 3 dates to infer frequency
11ef9fa9e8f7c9989b6d0acdfb026a8f,Error: Need at least 3 dates to infer frequency
11ef9fa9e8570ef4a2030acdfb026a8f,Error: Need at least 3 dates to infer frequency
11ef9fa9e84a3ee0920e0acdfb026a8f,Error: Need at least 3 dates to infer frequency
11ef9fdc093da268adb002d8a60509dd,Error: Dataframe has less than 2 non-NaN rows.
11ef9fa9e8ed635494640acdfb026a8f,Error: Need at least 3 dates to infer frequency
11f02abcbe4677dcba710aea83b8357b,Error: Need at least 3 dates to infer frequency
11f024d3d12b3cb48d3e0220f33ba86d,Error: Need at least 3 dates to infer frequency
11ef9fa9e89d88f2933f0acdfb026a8f,Error: Need at least 3 dates to infer frequency
11ef9fa9e84a4b60aea70acdfb026a8f,Error: Need at least 3 dates to infer frequency
11ef9fa9e86b99469db40acdfb026a8f,Error: Need at least 3 dates to infer frequency
11ef9fa9e88966d881180acdfb026a8f,Error: Need at least 3 dates to infer frequency
11ef9fa9e8baf46e8e9e0acdfb026a8f,Error: Dataframe has less than 2 non-NaN rows.
11f034deeffef9daa45e0a4244d9829f,Error: Need at least 3 dates to infer frequency
11ef9fa9e84a920090cc0acdfb026a8f,Error: Need at least 3 dates to infer frequency
11f00c7f09283152b574062d989e2ea3,Error: Need at least 3 dates to infer frequency
11f00de7e49fe89280d5023b4ecba547,Error: Need at least 3 dates to infer frequency
11ef9fa9e856833ab81e0acdfb026a8f,Error: Need at least 3 dates to infer frequency
11ef9fa9e8c4c55292be0acdfb026a8f,Error: Need at least 3 dates to infer frequency
11f0309bfd279a5a916e0a881ec497ef,Error: Need at least 3 dates to infer frequency
11ef9fa9e8ceb4f48a180acdfb026a8f,Error: Need at least 3 dates to infer frequency
11ef9fa9e8ecd74a81000acdfb026a8f,Error: Need at least 3 dates to infer frequency
11f024d3d132b20091400220f33ba86d,Error: Need at least 3 dates to infer frequency
11ef9fa9e8a784e287180acdfb026a8f,Error: Need at least 3 dates to infer frequency
11f0201e80dd6250a4e806f96cf029eb,Error: Need at least 3 dates to infer frequency
11f00a110cfd6d76871706e16c69241b,Error: Need at least 3 dates to infer frequency
11ef9fa9e8e2f37eaa530acdfb026a8f,Error: Need at least 3 dates to infer frequency
11f0309c3fa0ff2aad810267a4e073c5,Error: Need at least 3 dates to infer frequency
11f036d0212bc748953d065678fcdbef,Error: Need at least 3 dates to infer frequency
11ef9fa9e8894dba917f0acdfb026a8f,Error: Need at least 3 dates to infer frequency
11f024d3d033be8abf5d0220f33ba86d,Error: Need at least 3 dates to infer frequency
11ef9fa9e8cecebc82440acdfb026a8f,Error: Need at least 3 dates to infer frequency
11ef9fa9e87f36feb3cd0acdfb026a8f,Error: Need at least 3 dates to infer frequency
11ef9fa9e89318d6b1770acdfb026a8f,Error: Need at least 3 dates to infer frequency
11ef9fa9e8c51deabbf50acdfb026a8f,Error: Need at least 3 dates to infer frequency
11f03d1a6399ef1aaf880605620c7a2f,Error: Need at least 3 dates to infer frequency
11f03d1907d8c11684670605620c7a2f,Error: Need at least 3 dates to infer frequency
11ef9fa9e8ecf658b1dc0acdfb026a8f,Error: Need at least 3 dates to infer frequency
11ef9fa9e8930ce2b7170acdfb026a8f,Error: Need at least 3 dates to infer frequency
11ef9fa9e8c4a0c299440acdfb026a8f,Error: Need at least 3 dates to infer frequency
11f00de879f213c0b9a8062d989e2ea3,Error: Need at least 3 dates to infer frequency
11f00c7d3fce213c9dd4060cfe12f7a7,Error: Need at least 3 dates to infer frequency
11f02a51018143e09f310aea83b8357b,Error: Need at least 3 dates to infer frequency
11f0402abc4183b8b93206f7521aae4d,Error: Need at least 3 dates to infer frequency
11f024d3d03ae42693440220f33ba86d,Error: Need at least 3 dates to infer frequency
11ef9fa9e8f77ff6a0f00acdfb026a8f,Error: Need at least 3 dates to infer frequency
11ef9fa9e84a83e684c60acdfb026a8f,Error: Need at least 3 dates to infer frequency
11ef9fa9e89d50eeabf50acdfb026a8f,Error: Dataframe has less than 2 non-NaN rows.
11ef9fa9e84a9552ad0a0acdfb026a8f,Error: Need at least 3 dates to infer frequency
11ef9fa9e849fcf0a6c20acdfb026a8f,Error: Need at least 3 dates to infer frequency
11ef9fa9e8b10a589dad0acdfb026a8f,Error: Need at least 3 dates to infer frequency
11ef9fa9e8bb7ca482eb0acdfb026a8f,Error: Need at least 3 dates to infer frequency
11ef9fa9e8bb264687840acdfb026a8f,Error: Need at least 3 dates to infer frequency
11ef9fa9e8bb5a588d350acdfb026a8f,Error: Need at least 3 dates to infer frequency
11ef9fa9e8c4c9c6a3890acdfb026a8f,Error: Need at least 3 dates to infer frequency
11f024d3d03f485eb5590220f33ba86d,Error: Need at least 3 dates to infer frequency
11ef9fa9e89d43ecbcfa0acdfb026a8f,Error: Need at least 3 dates to infer frequency
11f0434da5749ff0b69e06d74ae24a27,"Error: too many indices for array: array is 0-dimensional, but 1 were indexed"
11f0309c97d69cea9fec0267a4e073c5,Error: Need at least 3 dates to infer frequency
11ef9fa9e8a78708a68d0acdfb026a8f,Error: Need at least 3 dates to infer frequency
11ef9fa9e84a5d4ebe480acdfb026a8f,Error: Need at least 3 dates to infer frequency
11ef9fa9e87f431a83830acdfb026a8f,Error: Need at least 3 dates to infer frequency
11f0309cc3f55ed88c870a881ec497ef,Error: Need at least 3 dates to infer frequency
11ef9fa9e892e30cbc550acdfb026a8f,Error: Need at least 3 dates to infer frequency
11ef9fa9e8e2f32483090acdfb026a8f,Error: Need at least 3 dates to infer frequency
11ef9fa9e8d8f77aae6b0acdfb026a8f,Error: Need at least 3 dates to infer frequency
11f024d3d03d1e80a5da0220f33ba86d,Error: Need at least 3 dates to infer frequency
11ef9fa9e8756e80ac300acdfb026a8f,Error: Need at least 3 dates to infer frequency
11ef9fa9e8bb72728b040acdfb026a8f,Error: Need at least 3 dates to infer frequency
11efe9ab51e167caafb902578affd6c1,Error: Need at least 3 dates to infer frequency
11efbc2f4b57aa1cb00f02fc379f6947,Error: Need at least 3 dates to infer frequency
11ef9fa9e86b1b4ca8c70acdfb026a8f,Error: Need at least 3 dates to infer frequency
11f00a1399e24782807c02d399b2ebe1,Error: Need at least 3 dates to infer frequency
11f00a13e1eb7288840202213be2d661,Error: Need at least 3 dates to infer frequency
11f00a12ffb7d8ca886a06e16c69241b,Error: Need at least 3 dates to infer frequency
11f00a15e560d4ba97a306e16c69241b,Error: Need at least 3 dates to infer frequency
11ef9fa9e8ed1ec69bee0acdfb026a8f,Error: Need at least 3 dates to infer frequency
11ef9fa9e8c497e492d10acdfb026a8f,Error: Need at least 3 dates to infer frequency
11ef9fa9e8bb7218ad0b0acdfb026a8f,Error: Need at least 3 dates to infer frequency
11ef9fa9e87f2a2e81fc0acdfb026a8f,Error: Need at least 3 dates to infer frequency
11ef9fa9e89d2f74a9e60acdfb026a8f,Error: Need at least 3 dates to infer frequency
11f00c7d0e8ddaf4b41f062d989e2ea3,Error: Need at least 3 dates to infer frequency
11f045ba245a7d76903802da8f13a0b9,Error: Need at least 3 dates to infer frequency
11ef9fa9e8cea50e9aed0acdfb026a8f,Error: Need at least 3 dates to infer frequency
11f04056ea8a3ad6962206f7521aae4d,Error: Need at least 3 dates to infer frequency
11ef9fa9e86afafe84500acdfb026a8f,Error: Need at least 3 dates to infer frequency
11ef9fa9e8a795b8b1ae0acdfb026a8f,Error: Need at least 3 dates to infer frequency
11ef9fa9e89d4f86831e0acdfb026a8f,Error: Need at least 3 dates to infer frequency
11f00d1e5d029ee4b6b9062d989e2ea3,Error: Need at least 3 dates to infer frequency
11f00c7baefb9d7a86c5062d989e2ea3,Error: Need at least 3 dates to infer frequency
11f033d8d4d9e2caa87f0aceef389065,Error: Need at least 3 dates to infer frequency
11ef9fa9e87f2e5ca2cb0acdfb026a8f,Error: Need at least 3 dates to infer frequency
11ef9fa9e8cef108baf00acdfb026a8f,Error: Need at least 3 dates to infer frequency
11ef9fa9e8a755e4b6350acdfb026a8f,Error: Need at least 3 dates to infer frequency
11f0320e2a32f59eab670271f4790011,Error: Need at least 3 dates to infer frequency
11f00a153d5f5b38b76402213be2d661,Error: Need at least 3 dates to infer frequency
11efea97c2c6263c911706db05d84e23,Error: Need at least 3 dates to infer frequency
11f040ef1c275aa48a9f02321e02e9f5,Error: Need at least 3 dates to infer frequency
11ef9fa9e8893e74a0050acdfb026a8f,Error: Need at least 3 dates to infer frequency
11ef9fa9e8d8c28c80570acdfb026a8f,Error: Need at least 3 dates to infer frequency
11ef9fa9e8752a10bbeb0acdfb026a8f,Error: Need at least 3 dates to infer frequency
11ef9fa9e8895bb685180acdfb026a8f,Error: Need at least 3 dates to infer frequency
11ef9fa9e849fa1696630acdfb026a8f,Error: Need at least 3 dates to infer frequency
11f024d3d042be12bcc20220f33ba86d,Error: Need at least 3 dates to infer frequency
11f00de80a43ffb6b93a026b29db894d,Error: Need at least 3 dates to infer frequency
11ef9fa9e87f49be9f040acdfb026a8f,Error: Need at least 3 dates to infer frequency
11f049c7bac237ac98a10232fa7644c1,Error: Need at least 3 dates to infer frequency
11efb02353a1ade8864f0ae2611d356d,Error: Need at least 3 dates to infer frequency
11f00c7bdcb8362eb86e026b29db894d,Error: Need at least 3 dates to infer frequency
11f03ad63a4094209aac0aab9b86cded,Error: Need at least 3 dates to infer frequency
11f0434c50bb768893b80a97933c70fb,Error: Need at least 3 dates to infer frequency
11f00c7f78bcd50e8d4e060cfe12f7a7,Error: Need at least 3 dates to infer frequency
11f00c7b4a5f02f8a723062d989e2ea3,Error: Need at least 3 dates to infer frequency
11ef9fa9e8bb7d58a5950acdfb026a8f,Error: Need at least 3 dates to infer frequency
11ef9fa9e8569e38aef70acdfb026a8f,Error: Need at least 3 dates to infer frequency
11f024d3d047a62093280220f33ba86d,Error: Need at least 3 dates to infer frequency
11f04fd14225c08884d306a4f34a11ed,Error: Need at least 3 dates to infer frequency
11ef9fa9e8ce8542bd830acdfb026a8f,Error: Need at least 3 dates to infer frequency
11f024d3d02d8a74a9dc0220f33ba86d,Error: Need at least 3 dates to infer frequency
11ef9fa9e8c4b63495e20acdfb026a8f,Error: Need at least 3 dates to infer frequency
11ef9fa9e87f3a5090ec0acdfb026a8f,Error: Need at least 3 dates to infer frequency
11ef9fa9e8a7572490f20acdfb026a8f,Error: Need at least 3 dates to infer frequency
11f058644e38d7849aec069086d3a2f3,Error: Need at least 3 dates to infer frequency
11f035a81f57b1f8a94702ba0bf39d19,Error: Need at least 3 dates to infer frequency
11ef9fa9e89376c8b9d50acdfb026a8f,Error: Need at least 3 dates to infer frequency
11f0434de884c216a6250252d91d382f,Error: Need at least 3 dates to infer frequency
11ef9fa9e89d673ca6b10acdfb026a8f,Error: Need at least 3 dates to infer frequency
11ef9fa9e89d09e0ba950acdfb026a8f,Error: Need at least 3 dates to infer frequency
11ef9fa9e8e2f69ebc240acdfb026a8f,Error: Need at least 3 dates to infer frequency
11f040564d3befaea5040233a14969ad,Error: Need at least 3 dates to infer frequency
11efc98f3d2d2f3ab1f3063ecfd41111,Error: Need at least 3 dates to infer frequency
11ef9fa9e8ced8628ae20acdfb026a8f,Error: Need at least 3 dates to infer frequency
11ef9fa9e8c4a4a086da0acdfb026a8f,Error: Need at least 3 dates to infer frequency
11ef9fa9e8c492a8945c0acdfb026a8f,Error: Need at least 3 dates to infer frequency
11f050a7c145ff468c8002235d23ff23,Error: Need at least 3 dates to infer frequency
11f035a81f55e198b0c802ba0bf39d19,Error: Dataframe has less than 2 non-NaN rows.
11ef9fa9e8bb64f89e170acdfb026a8f,Error: Need at least 3 dates to infer frequency
11f04fd142c7c0e097fb06a4f34a11ed,Error: Need at least 3 dates to infer frequency
11f024d3d02a6f24bd7d0220f33ba86d,Error: Need at least 3 dates to infer frequency
11f024d3d041009aaabb0220f33ba86d,Error: Need at least 3 dates to infer frequency
11f035a81f56b546b52e02ba0bf39d19,Error: Need at least 3 dates to infer frequency
11f0309f9d4f89e0b2a30a6b24da1c53,Error: Need at least 3 dates to infer frequency
11ef9fa9e84a38f08a1f0acdfb026a8f,Error: Need at least 3 dates to infer frequency
11ef9fa9e8b12b32860e0acdfb026a8f,Error: Need at least 3 dates to infer frequency
11f0295457b0b0b4b6870a7ec5b22a75,Error: Need at least 3 dates to infer frequency
11f02661f3ed28fea16a029b108103f3,Error: Need at least 3 dates to infer frequency
11f05ca34ab33be891570abf13e7fc39,Error: Need at least 3 dates to infer frequency
11f00ebc03040320a76a062d989e2ea3,Error: Need at least 3 dates to infer frequency
11f024d3d12c2e30aebc0220f33ba86d,Error: Need at least 3 dates to infer frequency
11ef9fa9e8d8b79cb15b0acdfb026a8f,Error: Need at least 3 dates to infer frequency
11ef9fa9e8a719eeb62a0acdfb026a8f,Error: Need at least 3 dates to infer frequency
11ef9fa9e8a70544af1f0acdfb026a8f,Error: Need at least 3 dates to infer frequency
11ef9fa9e8f7da0abd7d0acdfb026a8f,Error: Need at least 3 dates to infer frequency
11ef9fa9e8f7b494a9bc0acdfb026a8f,Error: Need at least 3 dates to infer frequency
11f053b4a7524f3ab66c0ac8e4c7da3d,Error: Need at least 3 dates to infer frequency
11ef9fa9e8934e6e8ea80acdfb026a8f,Error: Need at least 3 dates to infer frequency
11ef9fa9e88924deafa70acdfb026a8f,Error: Need at least 3 dates to infer frequency
11ef9fa9e8cf209cbd4c0acdfb026a8f,Error: Need at least 3 dates to infer frequency
11f0309f68a9361ea9c40a6b24da1c53,Error: Need at least 3 dates to infer frequency
11f02276c2a03f1eae310a123a8ec9f9,Error: Need at least 3 dates to infer frequency
11f00a10019ffcec9f6502213be2d661,Error: Need at least 3 dates to infer frequency
11ef9fa9e8c51ac0881a0acdfb026a8f,Error: Need at least 3 dates to infer frequency
11ef9fa9e86169f8a5d00acdfb026a8f,Error: Need at least 3 dates to infer frequency
11ef9fa9e86b3802b6530acdfb026a8f,Error: Need at least 3 dates to infer frequency
11ef9fa9e87f410889880acdfb026a8f,Error: Need at least 3 dates to infer frequency
11f066a1254d382e94bb0ab6fb768e75,Error: Need at least 3 dates to infer frequency
11ef9fa9e8cea4beac7a0acdfb026a8f,Error: Need at least 3 dates to infer frequency
11f024d3d02191b0aa180220f33ba86d,Error: Need at least 3 dates to infer frequency
11f03ad5d3ee1a1cb3aa02ee417fdabd,Error: Need at least 3 dates to infer frequency
11f0299d645f086cba3602831b59b13d,Error: Need at least 3 dates to infer frequency
11ef9fa9e86160c082d80acdfb026a8f,Error: Need at least 3 dates to infer frequency
11f05df63c6f81509117025846daab47,Error: Need at least 3 dates to infer frequency
11ef9fa9e8b149468e6e0acdfb026a8f,Error: Need at least 3 dates to infer frequency
11ef9fa9e8bb7fba84720acdfb026a8f,Error: Need at least 3 dates to infer frequency
11ef9fa9e88940ea93e80acdfb026a8f,Error: Need at least 3 dates to infer frequency
11ef9fa9e89353f0afa90acdfb026a8f,Error: Need at least 3 dates to infer frequency
11f0309d199d217cb1770a881ec497ef,Error: Need at least 3 dates to infer frequency
11ef9fa9e89d54e0bbbb0acdfb026a8f,Error: Need at least 3 dates to infer frequency
11f0613c7094c0d285d00a09ce426699,Error: Need at least 3 dates to infer frequency
11f068f4def966d09ec6028b8899d0e1,Error: Dataframe has less than 2 non-NaN rows.
11ef9fa9e8568394b0bf0acdfb026a8f,Error: Need at least 3 dates to infer frequency
11f00de99755700089a4026b29db894d,Error: Need at least 3 dates to infer frequency
11ef9fa9e84a0e209c570acdfb026a8f,Error: Need at least 3 dates to infer frequency
11f05bb817d6db9eb3590a0ec9fdcbe1,Error: Need at least 3 dates to infer frequency
11ef9fa9e8895a4eae400acdfb026a8f,Error: Need at least 3 dates to infer frequency
11ef9fa9e89cf798b65d0acdfb026a8f,Error: Need at least 3 dates to infer frequency
11f0140c130272de9edf06a915781305,Error: Need at least 3 dates to infer frequency
11ef9fa9e849f0e8ac920acdfb026a8f,Error: Need at least 3 dates to infer frequency
11f024d3d1288a14a1920220f33ba86d,Error: Need at least 3 dates to infer frequency
11ef9fa9e87f8104ab220acdfb026a8f,Error: Need at least 3 dates to infer frequency
11ef9fa9e8cea8c49ce90acdfb026a8f,Error: Need at least 3 dates to infer frequency
11ef9fa9e8a72a7489a70acdfb026a8f,Error: Need at least 3 dates to infer frequency
11ef9fa9e8ecd7aeaa850acdfb026a8f,Error: Need at least 3 dates to infer frequency
11ef9fa9e8ecf5409b880acdfb026a8f,Error: Need at least 3 dates to infer frequency
11ef9fa9e8a722d6a4910acdfb026a8f,Error: Need at least 3 dates to infer frequency
11ef9fa9e8cf2a24a7d90acdfb026a8f,Error: Need at least 3 dates to infer frequency
11ef9fa9e8ced808a5490acdfb026a8f,Error: Need at least 3 dates to infer frequency
11f024d3d1277eee99700220f33ba86d,Error: Need at least 3 dates to infer frequency
11ef9fa9e89cf680821d0acdfb026a8f,Error: Need at least 3 dates to infer frequency
11ef9fa9e84a207297c50acdfb026a8f,Error: Need at least 3 dates to infer frequency
11ef9fa9e87f5f1ca52c0acdfb026a8f,Error: Need at least 3 dates to infer frequency
11ef9fa9e8ce9eeca5ef0acdfb026a8f,Error: Dataframe has less than 2 non-NaN rows.
11ef9fa9e84a14b0bb180acdfb026a8f,Error: Need at least 3 dates to infer frequency
11ef9fa9e88927eab4c40acdfb026a8f,Error: Need at least 3 dates to infer frequency
11f024d3d04397a68b340220f33ba86d,Error: Need at least 3 dates to infer frequency
11f0309b1c96b7b4a068068fff97b6a1,Error: Need at least 3 dates to infer frequency
11ef9fa9e8893bf4844c0acdfb026a8f,Error: Need at least 3 dates to infer frequency
11ef9fa9e89d637293410acdfb026a8f,Error: Dataframe has less than 2 non-NaN rows.
11ef9fa9e89d054e87b80acdfb026a8f,Error: Need at least 3 dates to infer frequency
11ef9fa9e8ceb1d4835d0acdfb026a8f,Error: Need at least 3 dates to infer frequency
11f078011c54df76beb406b08220094b,Error: Need at least 3 dates to infer frequency
11ef9fa9e8e2e03c8cfe0acdfb026a8f,Error: Need at least 3 dates to infer frequency
11f024d3d02284bcbc440220f33ba86d,Error: Need at least 3 dates to infer frequency
11f070f3c197cf3a8c7d068d8f685ad1,Error: Need at least 3 dates to infer frequency
11ef9fa9e8c4bf12905e0acdfb026a8f,Error: Need at least 3 dates to infer frequency
11ef9fa9e8a76d5eb9fb0acdfb026a8f,Error: Need at least 3 dates to infer frequency
11f078eeea5db2c49d8d0603546d6a55,Error: Need at least 3 dates to infer frequency
11ef9fa9e84a124e98be0acdfb026a8f,Error: Need at least 3 dates to infer frequency
11f0309ec22975babcca068fff97b6a1,Error: Need at least 3 dates to infer frequency
11ef9fa9e8c4983eacd10acdfb026a8f,Error: Need at least 3 dates to infer frequency
11ef9fa9e8e34824a28a0acdfb026a8f,Error: Need at least 3 dates to infer frequency
11ef9fa9e88920b092ac0acdfb026a8f,Error: Need at least 3 dates to infer frequency
11ef9fa9e8ed738aab060acdfb026a8f,Error: Need at least 3 dates to infer frequency
11ef9fa9e8bb2858932a0acdfb026a8f,Error: Need at least 3 dates to infer frequency
11f024d3d036fd70b9860220f33ba86d,Error: Need at least 3 dates to infer frequency
11ef9fa9e8d919a8944a0acdfb026a8f,Error: Need at least 3 dates to infer frequency
11ef9fa9e87efd2e915b0acdfb026a8f,Error: Need at least 3 dates to infer frequency
11f073298a202de4a57a0acdf4390da5,Error: Need at least 3 dates to infer frequency
11ef9fa9e8a7682c98820acdfb026a8f,Error: Need at least 3 dates to infer frequency
11ef9fa9e8ceb17a93600acdfb026a8f,Error: Need at least 3 dates to infer frequency
11ef9fa9e8ed31cc92890acdfb026a8f,Error: Need at least 3 dates to infer frequency
11ef9fa9e84a601eb9ef0acdfb026a8f,Error: Need at least 3 dates to infer frequency
11ef9fa9e8e2d8f8923c0acdfb026a8f,Error: index 0 is out of bounds for axis 0 with size 0
11ef9fa9e856b06c81b40acdfb026a8f,Error: Need at least 3 dates to infer frequency
11ef9fa9e8ecdca49fd60acdfb026a8f,Error: Need at least 3 dates to infer frequency
11f0309bbb7f332e8351068fff97b6a1,Error: Need at least 3 dates to infer frequency
11f030987539429084e60267a4e073c5,Error: Need at least 3 dates to infer frequency
11f078cce2406a9a973c02557d1b4b53,Error: Need at least 3 dates to infer frequency
11ef9fa9e893234480990acdfb026a8f,Error: Need at least 3 dates to infer frequency
11ef9fa9e8c49aa0b9760acdfb026a8f,Error: Need at least 3 dates to infer frequency
11f07cbd3e3ac82e8dfb060a41ccb9c3,Error: Need at least 3 dates to infer frequency
11ef9fa9e8f7830299b90acdfb026a8f,Error: Need at least 3 dates to infer frequency
11ef9fa9e888d97a905f0acdfb026a8f,Error: Need at least 3 dates to infer frequency
11ef9fa9e84a6b228ac20acdfb026a8f,Error: Need at least 3 dates to infer frequency
11f066b4352e7a88b22102d004d3204b,Error: Need at least 3 dates to infer frequency
11f05df63c820e92b026025846daab47,Error: Need at least 3 dates to infer frequency
11ef9fa9e89d252ea2800acdfb026a8f,Error: Need at least 3 dates to infer frequency
11ef9fa9e89cf4aa824d0acdfb026a8f,Error: Need at least 3 dates to infer frequency
11ef9fa9e8a75508967f0acdfb026a8f,Error: Need at least 3 dates to infer frequency
11f024d3d12fb5f08f740220f33ba86d,Error: Need at least 3 dates to infer frequency
11f035a81f5752a881cf02ba0bf39d19,Error: Need at least 3 dates to infer frequency
11f03aae5546bcf4b5d402ee417fdabd,Error: Need at least 3 dates to infer frequency
11ef9fa9e87f6f168c2d0acdfb026a8f,Error: Need at least 3 dates to infer frequency
11f00a0dee244f7697f506e16c69241b,Error: Need at least 3 dates to infer frequency
11ef9fa9e8b0f450a7020acdfb026a8f,Error: Need at least 3 dates to infer frequency
11f00ebc22d7563ea2fa02ec37851cf9,Error: Need at least 3 dates to infer frequency
11ef9fa9e8d939eca7640acdfb026a8f,Error: Need at least 3 dates to infer frequency
11ef9fa9e87f95c2b8950acdfb026a8f,Error: Need at least 3 dates to infer frequency
11f024d3d02308a6b7f10220f33ba86d,Error: Need at least 3 dates to infer frequency
11ef9fa9e8c48aa6bede0acdfb026a8f,Error: Need at least 3 dates to infer frequency
11ef9fa9e8752614a38d0acdfb026a8f,Error: Need at least 3 dates to infer frequency
11f07cd1546936bc9c130afe35873b11,"Error: too many indices for array: array is 0-dimensional, but 1 were indexed"
11ef9fa9e8932290bc200acdfb026a8f,Error: Need at least 3 dates to infer frequency
11f05bb817a74834ac3e0608bd69bdc1,Error: Need at least 3 dates to infer frequency
11f08440e26e5f34b1f502d820a2833b,"Error: too many indices for array: array is 0-dimensional, but 1 were indexed"
11ef9fa9e84a0f8892d30acdfb026a8f,Error: Need at least 3 dates to infer frequency
11ef9fa9e8ecc84aae9e0acdfb026a8f,Error: Need at least 3 dates to infer frequency
11f0846ad1ccb02aa74c06d73ec61543,Error: Need at least 3 dates to infer frequency
11ef9fa9e8ff63749e3e0acdfb026a8f,Error: Need at least 3 dates to infer frequency
11f00d21d72d125a85ec026b29db894d,Error: Need at least 3 dates to infer frequency
11ef9fa9e84a222ab02a0acdfb026a8f,Error: Need at least 3 dates to infer frequency
11ef9fa9e875179681c10acdfb026a8f,Error: Need at least 3 dates to infer frequency
11ef9fa9e888e47e8cfa0acdfb026a8f,Error: Need at least 3 dates to infer frequency
11f07641a0ba03208afa069989b88451,"Error: too many indices for array: array is 0-dimensional, but 1 were indexed"
11ef9fa9e8b10f4eac030acdfb026a8f,Error: Need at least 3 dates to infer frequency
11f084939ea630e49fcf06d73ec61543,"Error: too many indices for array: array is 0-dimensional, but 1 were indexed"
11ef9fa9e8892380b5b60acdfb026a8f,Error: Need at least 3 dates to infer frequency
11ef9fa9e8f7a3e6ba8f0acdfb026a8f,Error: Need at least 3 dates to infer frequency
11f08f8547292496ae6206a8df82be03,Error: Need at least 3 dates to infer frequency
11f08f85670e3292a97c0a090916fe1f,Error: Need at least 3 dates to infer frequency
11f084990bb75d70826d06cd3c5e5e1f,Error: Need at least 3 dates to infer frequency
11ef9fa9e8b184baa3760acdfb026a8f,Error: Need at least 3 dates to infer frequency
11f00d1f727924eab672062d989e2ea3,Error: Need at least 3 dates to infer frequency
11f024d3d019de52bcc90220f33ba86d,Error: Need at least 3 dates to infer frequency
11f08494faf3b9d8882206d73ec61543,Error: Need at least 3 dates to infer frequency
11ef9fa9e8894d608b670acdfb026a8f,Error: Need at least 3 dates to infer frequency
11f08496e6f3b2d8beb706d73ec61543,Error: Need at least 3 dates to infer frequency
11ef9fa9e8bb4e5aa9a90acdfb026a8f,Error: Need at least 3 dates to infer frequency
11f086ec013e30c6934806589e333a21,Error: Need at least 3 dates to infer frequency
11f024d3d037745894a00220f33ba86d,Error: Need at least 3 dates to infer frequency
11ef9fa9e87f5cba87e40acdfb026a8f,Error: Need at least 3 dates to infer frequency
11f080a36d4ed0bc8926062017b0f483,Error: Need at least 3 dates to infer frequency
11f08c86bf7dcef8bd0a0241f9af1b57,Error: Dataframe has less than 2 non-NaN rows.
11ef9fa9e8f796f8906f0acdfb026a8f,Error: Need at least 3 dates to infer frequency
11f0929a0d9f7cc6b0a50204a6b36073,Error: Need at least 3 dates to infer frequency
11f08d1c2ebad4b096b6021ec815928f,Error: Need at least 3 dates to infer frequency
11ef9fa9e8f7e0a4b0b30acdfb026a8f,Error: Need at least 3 dates to infer frequency
11f08d1f6101df1094f60a0a064fda23,Error: Need at least 3 dates to infer frequency
11f09458afdec24897bb0a2bc95e84d7,Error: Need at least 3 dates to infer frequency
11f08f88770665d69d2406a8df82be03,Error: Need at least 3 dates to infer frequency
11f024d3d0188ee4af1c0220f33ba86d,Error: Need at least 3 dates to infer frequency
11f08d1c2ce67ad68223062329fd0d95,"Error: too many indices for array: array is 0-dimensional, but 1 were indexed"
11ef9fa9e888d8d09d210acdfb026a8f,Error: Dataframe has less than 2 non-NaN rows.
11f092a8e48609ae97490259737d05d9,Error: Need at least 3 dates to infer frequency
11ef9fa9e8c51a0c9ef90acdfb026a8f,Error: Need at least 3 dates to infer frequency
11f08496770c68849bad06d73ec61543,Error: Need at least 3 dates to infer frequency
11f084990bb758b6b8d706cd3c5e5e1f,Error: Need at least 3 dates to infer frequency
11f08df5db8a28ceabe9021ec815928f,"Error: too many indices for array: array is 0-dimensional, but 1 were indexed"
11ef9fa9e893323096ae0acdfb026a8f,Error: Need at least 3 dates to infer frequency
11ef9fa9e8bb5184870c0acdfb026a8f,Error: Need at least 3 dates to infer frequency
11ef9fa9e8ff6aa4aab70acdfb026a8f,Error: Need at least 3 dates to infer frequency
11f01aa86e2ef3f69fd1065478f7de43,Error: Need at least 3 dates to infer frequency
11ef9fa9e856bc4cbc5f0acdfb026a8f,Error: Need at least 3 dates to infer frequency
11ef9fa9e849fc3cb37c0acdfb026a8f,Error: Need at least 3 dates to infer frequency
11ef9fa9e893641c92a10acdfb026a8f,Error: Need at least 3 dates to infer frequency
11ef9fa9e8a7706a80650acdfb026a8f,Error: Need at least 3 dates to infer frequency
11ef9fa9e8ceafc2a6030acdfb026a8f,Error: Need at least 3 dates to infer frequency
11ef9fa9e8c4988ebf550acdfb026a8f,Error: Need at least 3 dates to infer frequency
11f084947159d086bd160a36910d5f6d,Error: Need at least 3 dates to infer frequency
11f08493245c6204a4ce02d820a2833b,Error: Need at least 3 dates to infer frequency
11f07f1c5da34af486fd06285b8faebf,Error: Need at least 3 dates to infer frequency
11f024d3d02bf5e2a4880220f33ba86d,Error: Need at least 3 dates to infer frequency
11ef9fa9e8bb0968aa0f0acdfb026a8f,Error: Need at least 3 dates to infer frequency
11f084973c81a10697b90a2e1247077b,Error: Need at least 3 dates to infer frequency
11f0254928af1a58af1f02a0c07b14fb,Error: Need at least 3 dates to infer frequency
11f098cc8b56420c8e570a4da060e909,"Error: too many indices for array: array is 0-dimensional, but 1 were indexed"
11ef9fa9e87eeebabb160acdfb026a8f,Error: Need at least 3 dates to infer frequency
11ef9fa9e89d79fc948d0acdfb026a8f,Error: Need at least 3 dates to infer frequency
11ef9fa9e889030aa2fc0acdfb026a8f,Error: Need at least 3 dates to infer frequency
11f08493da4cbf2890c702d820a2833b,Error: Need at least 3 dates to infer frequency
11f00a168f9c58968f3b06e16c69241b,Error: Need at least 3 dates to infer frequency
11ef9fa9e86b9afeab6f0acdfb026a8f,Error: Need at least 3 dates to infer frequency
11f0849424afe2c0a5560a2e1247077b,Error: Need at least 3 dates to infer frequency
11f086ec013dacfa95f106589e333a21,Error: Need at least 3 dates to infer frequency
11f08d1c2ebc3d788fdb021ec815928f,Error: Need at least 3 dates to infer frequency
11f093c9c0d059debca2028e1ebb0dc3,Error: Need at least 3 dates to infer frequency
11ef9fa9e8930116aa560acdfb026a8f,Error: Need at least 3 dates to infer frequency
11f07da4b6f7993ab86d028625842ddb,Error: Need at least 3 dates to infer frequency
11f09cd7b10de89c89ee023d4e99d4e3,Error: Need at least 3 dates to infer frequency
11ef9fa9e87f84929dac0acdfb026a8f,Error: Need at least 3 dates to infer frequency
11f09824e99741c093fd06a9e566a27d,Error: Need at least 3 dates to infer frequency
11f09db1a1105ee0ae6102a6f76a7cc1,Error: Need at least 3 dates to infer frequency
11f08496b41036c0aeed0a36910d5f6d,Error: Need at least 3 dates to infer frequency
11f098e955128a9eba980284a18e9d5f,Error: Need at least 3 dates to infer frequency
11ef9fa9e8f7ea90aadf0acdfb026a8f,Error: Need at least 3 dates to infer frequency
11ef9fa9e86ba56cb2770acdfb026a8f,Error: Need at least 3 dates to infer frequency
11ef9fa9e86b87ee94c60acdfb026a8f,Error: Need at least 3 dates to infer frequency
11ef9fa9e87ef932a4e80acdfb026a8f,Error: Need at least 3 dates to infer frequency
11ef9fa9e8891174b0ae0acdfb026a8f,Error: Need at least 3 dates to infer frequency
11f08494516d3ec094f40a36910d5f6d,Error: Need at least 3 dates to infer frequency
11f0976a3247a9529895068dc02be083,Error: Need at least 3 dates to infer frequency
11ef9fa9e89d78ee94ce0acdfb026a8f,Error: Need at least 3 dates to infer frequency
11f0a0d782792af685980ab3e202f181,Error: Need at least 3 dates to infer frequency
11f098b799b0c4d6979602abe381a253,Error: Need at least 3 dates to infer frequency
11f0976c832375aca19d068dc02be083,Error: Need at least 3 dates to infer frequency
11ef9fa9e8e30ea49d070acdfb026a8f,Error: Need at least 3 dates to infer frequency
11f0a32fc652b9e0aa770a3e5c0f73a9,Error: Dataframe has less than 2 non-NaN rows.
11ef9fa9e8c51fac8d6f0acdfb026a8f,Error: Dataframe has less than 2 non-NaN rows.
11f0846ad1cd1100a56e06d73ec61543,Error: Need at least 3 dates to infer frequency
11f02ed052e7890a9e3f02a48c8d1a1b,Error: Need at least 3 dates to infer frequency
11ef9fa9e8cf092c93840acdfb026a8f,Error: Need at least 3 dates to infer frequency
11f0a574f0d2f53a8df3029bb0cb3bd7,Error: Need at least 3 dates to infer frequency
11f0309962d37232a1040a6b24da1c53,Error: Need at least 3 dates to infer frequency
11ef9fa9e84a173085590acdfb026a8f,Error: Need at least 3 dates to infer frequency
11ef9fa9e8934e14a8020acdfb026a8f,Error: Need at least 3 dates to infer frequency
11efea954c7fd222910806798919d283,Error: Need at least 3 dates to infer frequency
11f0a3428741cf3aa5c002662fb33fb7,Error: Need at least 3 dates to infer frequency
11f0a286b1e4306ebf060ad7c3a2af17,Error: Need at least 3 dates to infer frequency
11ef9fa9e8a797ac9c850acdfb026a8f,Error: Need at least 3 dates to infer frequency
11ef9fa9e8e2b292b13e0acdfb026a8f,Error: Need at least 3 dates to infer frequency
11f0a59fe2e707388c0306c8390aaa21,Error: Need at least 3 dates to infer frequency
11ef9fa9e8e303b4805d0acdfb026a8f,Error: Need at least 3 dates to infer frequency
11f0a348df45d27a8bc6061f7aec2c5b,Error: Dataframe has less than 2 non-NaN rows.
11ef9fa9e8bb8276a03d0acdfb026a8f,Error: Need at least 3 dates to infer frequency
11ef9fa9e87ef414a7940acdfb026a8f,Error: Need at least 3 dates to infer frequency
11f082bf514c54d4b3bf06c2657d4d9f,Error: Need at least 3 dates to infer frequency
11ef9fa9e8bb6f02a2430acdfb026a8f,Error: Need at least 3 dates to infer frequency
11ef9fa9e8d8a446b4470acdfb026a8f,Error: Need at least 3 dates to infer frequency
11ef9fa9e892ecdabf8b0acdfb026a8f,Error: Need at least 3 dates to infer frequency
11ef9fa9e8a763ea8c850acdfb026a8f,Error: Need at least 3 dates to infer frequency
11ef9fa9e89d606681720acdfb026a8f,Error: Need at least 3 dates to infer frequency
11f08f86b0b4722087cc02d456761711,Error: Need at least 3 dates to infer frequency
11f0a8af6333f0b082e30a8d5e1b0ab7,Error: Need at least 3 dates to infer frequency
11f0a5396f53d8989b7b0aca86935c09,Error: Need at least 3 dates to infer frequency
11ef9fa9e88937c6a89f0acdfb026a8f,Error: Need at least 3 dates to infer frequency
11ef9fa9e8c4b940b8170acdfb026a8f,Error: Need at least 3 dates to infer frequency
11f0976c8323adbaa31a068dc02be083,Error: Need at least 3 dates to infer frequency
11f024d3d037e4388b990220f33ba86d,Error: Need at least 3 dates to infer frequency
11f0aa1eeba646c6b02802fa15389633,Error: Dataframe has less than 2 non-NaN rows.
11ef9fa9e8d9314abf170acdfb026a8f,Error: Need at least 3 dates to infer frequency
11f084950e5daa06817e02d820a2833b,Error: Need at least 3 dates to infer frequency
11f08494cc366230b52b06d73ec61543,Error: Need at least 3 dates to infer frequency
11f08495a97e0a30bff80a2e1247077b,Error: Need at least 3 dates to infer frequency
11f099ed739b304c95230a7ff83695e5,Error: Need at least 3 dates to infer frequency
11f0a3428755fa4691ac0ae41528732d,Error: Need at least 3 dates to infer frequency
11f09376601ab6be8acf0209642f6e17,Error: Need at least 3 dates to infer frequency
11f0976c832392129b1b068dc02be083,Error: Need at least 3 dates to infer frequency
11f09db1a129fb4892ab0aa3da368385,Error: Need at least 3 dates to infer frequency
11ef9fa9e8c49b54a2590acdfb026a8f,Error: Need at least 3 dates to infer frequency
11f0a8a55bcc0f9cb06d0a8d5e1b0ab7,Error: Need at least 3 dates to infer frequency
11f03097d7563f92aac50a6b24da1c53,Error: Need at least 3 dates to infer frequency
11f0976c83230c2a88a9068dc02be083,Error: Need at least 3 dates to infer frequency
11f019e22021b91ca2b7065478f7de43,Error: Need at least 3 dates to infer frequency
11f09354c27b8fdaa0880209642f6e17,Error: Need at least 3 dates to infer frequency
11ef9fa9e8ceb9b8be9e0acdfb026a8f,Error: Need at least 3 dates to infer frequency
11f0401f1d5f4038930d06cacd9586df,Error: Need at least 3 dates to infer frequency
11ef9fa9e8a7210082910acdfb026a8f,Error: Need at least 3 dates to infer frequency
11ef9fa9e888ea5ab68b0acdfb026a8f,Error: Need at least 3 dates to infer frequency
11f0a4cc33c319468ffd066fa5a23dcb,Error: Need at least 3 dates to infer frequency
11ef9fa9e8ce9e9cae830acdfb026a8f,Error: Need at least 3 dates to infer frequency
11ef9fa9e8935288a3fb0acdfb026a8f,Error: Need at least 3 dates to infer frequency
11f0309be1966320b56d0a881ec497ef,Error: Need at least 3 dates to infer frequency
11f024d3d12ecc628f530220f33ba86d,Error: Need at least 3 dates to infer frequency
11f0ae578933a938a47c020142327a65,Error: Need at least 3 dates to infer frequency
11f0945acc249f16aba102285cdce83d,Error: Need at least 3 dates to infer frequency
11ef9fa9e8a72894ab8d0acdfb026a8f,Error: Need at least 3 dates to infer frequency
11f0a9948b0f69e48bc00ad88db3761d,Error: Need at least 3 dates to infer frequency
11ef9fa9e8e300f8a2d00acdfb026a8f,Error: Need at least 3 dates to infer frequency
11f00c7b6af9f608b2e1060cfe12f7a7,Error: Need at least 3 dates to infer frequency
11f0320e5530d7e8b6990a558cd78273,Error: Need at least 3 dates to infer frequency
11f0aec0932497729aa60a8a84c147e9,Error: Need at least 3 dates to infer frequency
11f0b0aca875653c95c40a2ecc60065d,Error: Need at least 3 dates to infer frequency
11f0b0b079bc73a8b0090a709c5361af,Error: Need at least 3 dates to infer frequency
11f08f7c283c4634a91a0a090916fe1f,Error: Need at least 3 dates to infer frequency
11f08f7c8e0fe498bd9106a8df82be03,Error: Need at least 3 dates to infer frequency
11f08f7c58d16130818306a8df82be03,Error: Need at least 3 dates to infer frequency
11ef9fa9e8754a729e070acdfb026a8f,Error: Need at least 3 dates to infer frequency
11ef9fa9e8ecfbdab1240acdfb026a8f,Error: Need at least 3 dates to infer frequency
11f0abf082679632a5ae02dcc6769a99,Error: Need at least 3 dates to infer frequency
11f0aa70f7a763b89a3006b295f650ef,Error: Need at least 3 dates to infer frequency
11f024d3d0398d1a86a70220f33ba86d,Error: Need at least 3 dates to infer frequency
11f0b161ea87072c97e302bd3b92d8cf,Error: Need at least 3 dates to infer frequency
11ef9fa9e8e2bf58abb30acdfb026a8f,Error: Need at least 3 dates to infer frequency
11f04756554b77d0945506f402ddaeb9,Error: Need at least 3 dates to infer frequency
11f0a9513578be7ebebb0265e8077125,Error: Need at least 3 dates to infer frequency
11f08493212297e89e3206d73ec61543,Error: Need at least 3 dates to infer frequency
11f0b08fb915d1f0aeb60a709c5361af,Error: Need at least 3 dates to infer frequency
11f0b0b447437562bc6e020142327a65,Error: Need at least 3 dates to infer frequency
11f0b0adb0c96df4abf306dc124316bb,Error: Need at least 3 dates to infer frequency
11f0afc2525a6e589ff1020142327a65,Error: Need at least 3 dates to infer frequency
